Year,AUS,AUT,BEL,CAN,CHE,CHL,DEU,DNK,ESP,FIN,FRA,GBR,GRC,IRL,ITA,JPN,MEX,NLD,NOR,NZL,PRT,SWE,USA,,Euro Area
1890,11.374335111916556,4.833729116549806,3.5377983673202023,1.2916699127529672,5.9113182982203885,1.837791959835016,4.670553036096297,3.6989829276148662,4.29634712497329,2.1834265074668897,2.9278976916806037,5.873450155829847,6.217605611144622,1.876851495800989,2.10749949117707,1.0742243778665153,2.8942331536638357,6.708626859733208,3.899048373900953,6.23623475054013,1.8820041868280633,2.724927627709084,4.768773575106362,,3.546982919397158
1891,11.445769629287158,5.01161777217111,3.5020040815818967,1.3187999697197583,5.489549060418479,1.995778129764089,4.68791763101849,3.77365269221037,4.3770782400278065,2.173254855588666,2.934111022738387,5.8977467769466205,5.369303000286786,1.9107817968967835,2.1798374764707678,1.0216610340344585,2.9585974796755288,6.510125927904344,3.9612554928399955,6.287425436562694,1.8567977890980298,2.654553469082331,4.81773630754238,,3.565327470410161
1892,9.481434172616337,5.132809808548738,3.548306917156542,1.3074367474962132,5.877292828200202,1.9639839850875025,4.747974381240015,3.860016404984477,4.6803473931633315,2.0832926146119854,2.979204033994661,5.861027730255053,5.544152365479624,1.9452641986880634,2.213708864852856,1.0885220538240659,3.0192348072623174,6.550306629327771,3.9983650498954955,6.193094169937757,1.8501200387739771,2.8636511580115545,4.738616194851168,,3.6380790037385435
1893,8.592915590539933,5.167969160250893,3.5613223946479713,1.2961370202446207,6.0232256350311575,2.0703748646058413,5.075417118544243,3.9209879146641087,4.494373534355564,2.1581243104150025,2.889466248587851,5.873223711778019,5.841462834200356,1.9803072576808836,2.2781100465532305,1.0863555019666837,3.0770119296988065,6.534439724693022,4.066010562470563,6.228364500819859,1.8921824933261562,3.016372510867794,5.14465357515373,,3.7246133598590467
1894,8.522746057798644,5.470666372257311,3.574467280306885,1.3535299446118059,5.799247195262843,2.045282403000802,5.182170378979004,3.968002751733599,4.5222847360898975,2.2742845335221635,3.1373474650485456,6.162245615704212,5.914233981167089,2.015920302000472,2.2810406000941836,1.2148181164976153,3.1312942062491715,6.61366399482361,4.053024243596295,6.127693426067816,1.8749146731657396,3.0133503628337324,5.256278258971231,,3.8348373152108195
1895,7.69871774104459,5.619116737364648,3.5973924759850466,1.3345606052780044,6.347247664953074,2.198732355215174,5.271540296384357,4.183286255581159,4.461256212605861,2.317751567214161,3.071561524926489,6.209906929384698,5.632724071938551,2.0521120583808736,2.2880907807419204,1.2303091857681776,3.17515616040854,6.741440703612479,4.064819427186282,5.881291998480299,1.9665480373196371,3.096299974164125,5.479693723026901,,3.846589337595394
1896,7.946458955401337,5.7221709470378865,3.6607963649292743,1.2967382208946954,6.409307584159868,2.1858941155102096,5.371002816883287,4.320943114233286,4.081176120136879,2.4012259587700955,3.151326725693517,6.239126862254485,6.120055130542108,2.0888917663479214,2.300162167918873,1.1613668842265497,3.2104349452051375,6.398063664635584,4.142975079552132,6.059834792212249,2.002934167170072,3.1577091444337113,5.274366954830302,,3.881497530006116
1897,7.207873003902274,5.8326626401838215,3.7006435896873597,1.4330580086040923,6.636170511431636,2.1129051189590515,5.45691111931367,4.407102030303223,4.274354737574315,2.489693893236406,3.0690302818051496,6.255374423746435,5.150558973948926,2.126268637467101,2.2695557082143902,1.1795461181784048,3.3606936780744245,6.948501759027353,4.324445760263071,6.524175051185456,2.130696464143884,3.3446201151372428,5.597947711824199,,3.8925915991527353
1898,8.043417683986693,6.176306272427138,3.733970166264564,1.4856703376120202,6.654445981598434,2.3416145575456,5.6789385637906875,4.4564978649851446,4.5789596636471295,2.59291184949833,3.2420007436257396,6.454537722539669,5.504949328302664,2.1642523077656435,2.2677312470423963,1.3962669358890194,3.4881207228804416,7.001736762345001,4.322692977294881,6.56942509644757,2.212336882324261,3.431691451317229,5.5605375311810175,,4.05095871391347
1899,7.810124858535938,6.305723813467848,3.781158326485607,1.6207217779427256,6.879100504854828,2.328844447749725,5.5980927559894464,4.6216602369036055,4.63378463966948,2.5390215011275776,3.344220807772776,6.59337279531638,5.566974330433034,2.2028527257540484,2.266786242292054,1.2909662531588,3.257895448258115,7.014413781093606,4.418058100697319,6.706237516508385,2.299055463621554,3.561787816334379,5.704770744976485,,4.066464297470524
1900,8.032474560449655,6.360516957243844,3.8249852180712534,1.7062821216106068,6.8906277270180585,2.242677753069614,5.481526059263238,4.765205090506124,4.715837546595883,2.6784282738970746,3.37871441865691,6.507366213187855,4.923969165927988,2.2415775601321997,2.3105639661124857,1.3452674564639426,3.223401006174375,6.950151003642448,4.337676520936442,6.954955983583505,2.4205774272405014,3.590115512208778,5.633812337938149,,4.061772311488159
1901,7.554373576943221,6.487283547502502,3.8322430773198093,1.8520311154981977,6.756708954397593,2.396034276373525,5.660831333619167,4.918693938837308,5.010191382396179,2.6901389121204353,3.2336622668247,6.485770971329932,4.689736193740164,2.2810569499253694,2.3475469149633312,1.3920906516078477,3.5080371335036755,7.0008323230556995,4.450327587293635,7.313864821787311,2.371611378267254,3.6481402915974557,5.811372066050522,,4.100131686161725
1902,7.505766356335222,6.496749278407571,3.8729293317185376,2.0450206128115824,6.854833251764854,2.4878420486846404,5.7416199756949435,4.976350245971195,4.83189633734015,2.643360862102187,3.2150967013200273,6.640246411824361,5.97145256761918,2.322249177609497,2.422050820355235,1.318645721662426,3.2703891528664992,7.23739745774619,4.532667172359288,7.254300646741651,2.374735673073945,3.6557592748309595,5.887402759433998,,4.168161281323899
1903,8.218111059116323,6.4808408488766345,3.9328444691576263,2.1181612302589805,6.666726943165711,2.20755452575556,5.895988302453585,5.226783158391338,4.827030130737152,2.791463073599099,3.328311575528929,6.558573535655158,5.803296988737933,2.358282106601855,2.463216878693687,1.4041795105067199,3.647815279318601,7.303012204596851,4.540543307274311,7.616825820615412,2.3985348701346534,3.8287694207326255,5.734427189826485,,4.262224862093691
1904,8.501500694369081,6.511066411006693,4.009162009165396,2.161457395658444,6.964731830535651,2.4171208204545174,6.030945477717918,5.275556953527872,4.780053316544204,2.8752120223372986,3.40085613755537,6.630744280319078,6.083516493281493,2.3986239759589343,2.507783715731709,1.4139782785557975,3.722974892091467,7.275183887378081,4.612495635325702,7.912625964664157,2.328492484764664,3.9388620247955433,5.865789841019306,,4.344994782567761
1905,8.690189928492144,6.807631619083304,4.101048302458981,2.429274045755567,7.0761670264675445,2.356979442108976,6.250210163539661,5.306994690956607,4.687857367396025,2.8727205716649653,3.5074788741591996,6.698205754056149,6.202323580059381,2.440170961550523,2.5729516594119928,1.3888892411770435,4.12390516371081,7.424034227289583,4.662511293266718,7.849323605210464,2.3490899376852177,3.962409277972239,6.234373471559428,,4.4680951834426015
1906,9.143142692702714,6.9671838763598375,4.166386022219306,2.688654822512116,7.7613170536085025,2.5327559738040497,6.193517370491738,5.3986117595291585,4.9030261309777785,2.945348518509174,3.469325178069409,6.764682195851659,6.0936719342004535,2.4812763536198292,2.671025516747017,1.5694679108362073,4.091421270136595,7.604301461322753,4.807236255580449,8.358134821634577,2.3656395999311934,4.229504405379248,6.06414564938753,,4.499879806002984
1907,9.177093481792882,7.338077009935245,4.221540970510223,2.861269889272806,7.772394151616915,2.707791916517024,6.319644296055041,5.537487103489471,5.029620574647958,2.9876141761686044,3.7560450314001,6.838838822233977,6.14513525229153,2.5236044458236897,2.7246779157924967,1.6177316373204662,4.344137222556143,7.5377498486015435,4.957108978633713,8.849652599888259,2.4217702555492275,4.47095412172878,6.089782526905658,,4.650473752575312
1908,9.234325569077527,7.289822419854217,4.263326262590572,2.7410388930355163,7.592499616817154,2.9444024462749043,6.600746028379466,5.655579937988056,5.198057976206232,3.0133679210487045,3.759173456084863,6.7900395014170005,6.079521295239908,2.570722572047234,2.7357466364219367,1.6274717598063067,4.35430889090382,7.4682861283574535,5.039670872961271,8.87202676595527,2.3847362553687974,4.439790830313665,5.950417762932051,,4.74127240674321
1909,9.7557875723467,7.192796663589937,4.347041954353787,3.0506160868383887,7.928678361045446,2.8144044030811965,6.614913383424415,5.812858997737294,5.257544577178438,3.148620925143448,3.8923396202220886,6.874202145055952,6.163805326244763,2.6097411252176546,2.7932923050676406,1.6307880128439984,4.499938532832315,7.674254596117015,5.090315009489647,8.233483405258585,2.3819812102937754,4.472186017954546,6.325042189523137,,4.815911347231492
1910,10.062446731088931,7.211250984246972,4.492105683064681,3.332158674065382,8.136815625731908,3.078873409019136,6.628975425362306,5.928082431445648,5.043637543300147,3.1905612521347075,3.730145013322585,6.813716989447373,6.105233862569007,2.658996197205236,2.8330587904201825,1.6552997475350273,4.55318558099158,7.989447576169528,5.251360255994684,8.41683547692346,2.436325517851277,4.657193957613829,6.34194929023639,,4.803345672468507
1911,10.090053448375029,7.537506134653984,4.716316103112514,3.5811396189558877,8.2547043916741,3.0571544058453246,6.8067829349618,6.177482475073438,5.434885616907767,3.2132573214322258,4.110537720769445,6.832515376483531,7.618968717351255,2.7042117773266345,2.881244062313741,1.7440721285873244,4.656095994371567,8.206067247970163,5.375747328557359,9.176665263261652,2.497701463124563,4.738652050435325,6.45849480687102,,5.0521000536730565
1912,9.860017453787462,8.01070750958736,4.8978622625461155,3.841287733890043,8.281326606920787,3.237908838376541,6.915032787649518,6.110944245769126,5.356157870378403,3.366209432448687,4.468648146423014,6.8984529012035365,7.341854189765948,2.7723797502244167,2.897614862976898,1.798273910871262,4.7579370377718515,8.367524745806174,5.52204733086046,9.704287137210338,2.5519499357422837,4.927001338125669,6.629494261054722,,5.19339040596324
1913,10.167540767936387,8.06099720640493,5.031749953742643,4.056028870665778,8.116672226280118,3.2505374810787493,7.157776946828698,6.2670798969951615,5.52677284092475,3.5129175747575063,4.453488650920924,7.015365071144833,4.360330361218277,2.8464874060997625,2.994353932313976,1.819327953152565,4.8661811087336515,8.593558001310527,5.736879709894741,9.75730704049596,2.5543385719049985,5.107518024020941,6.823411449802546,,5.250981387767542
1914,9.74486657145925,7.371813044478734,3.884036312955869,3.8901862537038565,8.197584371593903,3.063432050670078,6.759706452622615,6.610528794727237,5.423018996390772,3.4357934253865596,3.7255157668089645,7.111054658348802,5.529302632636429,2.9252381169505166,2.8161977226356885,1.7561747426632468,4.97591197111191,8.45743735679274,6.0217786245494835,10.182257933411798,2.571362717979302,5.276120290187486,6.53050470735479,,4.867299661667977
1915,9.870399940409847,7.539612307082583,3.3553729502815575,4.257082440493845,8.355281692856684,3.001776140138832,6.246399608245083,6.090912346413171,5.507743666695084,3.3302862365178396,3.192844271950492,7.429399647159099,4.189505176118163,2.997947164407583,2.7542342796788004,1.9099430228160672,5.089701275511349,8.960705277578871,6.223147079142614,10.649331622239513,2.521556101190589,5.078348834064684,6.81153313086053,,4.517464735969316
1916,9.946156174288623,6.86590946645595,3.9646342354774746,4.818863619210201,8.40837083691604,3.2754814982917044,6.7772257736298265,6.263262271601496,5.754893677597857,3.406188562992388,3.5956686087779266,7.458038648212636,3.5461766622770567,3.081922722284251,2.992899183447112,2.1950671644598674,5.205701613755928,9.514070458478395,6.359442082688034,10.938973929072505,2.5492697247860914,5.11546048086918,7.6972079976958545,,4.798801894403086
1917,9.937277984654038,6.050107777322904,3.5019703964771653,5.1608029538065,7.561673286009904,3.4943741803916986,6.139294383574498,5.826579977512727,5.678352965167895,3.010091944148329,3.4993768469907733,7.424919162081336,3.0825572338691534,3.1662408290171538,3.064174191367181,2.2580929676180728,5.325184890241557,9.287606209077046,5.90803281619466,10.221739251355187,2.523236814882894,4.703555554247114,7.784754932470416,,4.530211755865561
1918,9.725188735341217,5.437781044971131,3.473614744613281,4.968958328986792,7.60976332403448,3.620844128708812,6.122076048572584,5.5726345307185365,5.673270876611584,2.696558365676839,2.933807909280805,7.375956909177228,5.492687431836583,3.25238411606354,3.302738844659474,2.270909648723662,5.449160126339292,8.964209409744075,5.735177826774293,9.4734600774611,2.4752095364663043,4.969157944368366,8.82257414543045,,4.487829468056497
1919,10.127912021209054,5.572089848436535,4.55159265780819,4.72436130817014,8.192721800828812,3.2135679952744503,5.812171370801161,6.724570071593353,5.688676922447013,3.180466629069456,3.2398281448340045,6.893321301526264,5.150657677429049,3.346692223302281,3.582356791541554,2.510866637219996,5.575605142106248,11.448603261177627,6.523378964491388,9.156012103361789,2.5633400045553207,5.202643618854941,9.731212386518342,,4.654425803793265
1920,10.19111350761394,5.999518047442357,7.316794472961059,4.808238479082086,8.814687670136468,3.499724920811762,6.41834813718974,7.494127621605939,6.079557117205899,3.419543912042533,3.57486927081215,7.326825080474416,5.7619464150877215,3.443428375250258,3.5792276764560427,2.3447966722499425,5.705699603679678,11.9606396267953,6.923017233395537,9.710194245417512,2.7154810895827364,6.36087329725875,9.121719530715945,,5.080857239120673
1921,10.532147854136825,6.5376132471413575,7.529472977915341,4.2893630234658895,8.687008584323067,3.4837039932817193,6.840341136640248,6.821039103359741,6.1871966612363485,3.6596271141384893,3.617587368597885,7.9498807318260045,7.547384530429313,3.474723307346369,3.542082253499569,2.601623249995449,5.839573669596053,12.72811434012801,6.678916514962044,9.854374142729377,2.8671680556040315,6.762453153704606,10.258457650377174,,5.335918206442118
1922,10.72498323956742,7.130963903014967,7.844020189680129,4.916953240491605,9.631308507849539,3.473860750640332,7.136473332250567,7.38289836182925,6.401162942001113,3.944272612212528,4.424271441264737,8.227835606320129,7.6679409133145615,5.000852170477366,3.821948728384725,2.5846896175416227,5.989286846678028,13.447829928965124,7.615701256482622,9.148704838067136,3.2131696387726976,6.785464905637237,8.918878439013643,,5.811680390249927
1923,10.804130285604868,7.0673218884156235,8.150887094175125,5.208510300895029,10.301430147950308,3.9588600116243806,6.378110134697695,8.02378593835503,6.43155887921309,4.160900467559091,4.860936921453031,8.23469864056507,7.619480155981562,5.344953010507765,4.190986728269684,2.577191770381869,6.206881106114752,13.586381609869349,7.666057688062747,8.969023450724164,3.3552268487735915,6.636089745422574,9.555602348559121,,5.827655569605447
1924,11.299602045580217,7.906335457504361,8.324301012178294,5.287575885246487,10.80636328088303,4.209025052273449,6.885798518379926,7.9292101505151535,6.5619631689797755,4.332250129552685,5.663167194360191,8.480286676882029,7.912143282427931,5.483535196236011,4.200998524542907,2.6304211533363215,6.118657988621617,14.18052182355062,7.929452384812535,9.411338787424027,3.225887519591255,6.74790570231467,11.013708456837099,,6.246885701436393
1925,11.462989257827283,8.451458762944853,8.376201157687603,5.8657489773687335,11.651338335494337,4.319149217234291,6.866613966248055,7.626472569481319,6.911837769935266,4.577970170961637,5.994783921075785,8.793478703218877,8.304878570370583,5.648555118481153,4.376032692971514,2.7292261079240356,6.511779596694933,14.499278782972857,8.383519114484779,9.536577696310834,3.3601306350613274,6.790482241915744,10.159049749329263,,6.445119949207914
1926,11.591943294231827,8.597142718651542,8.52259974110979,6.182013987168797,12.194393533606021,4.396817401623233,7.5554001867370415,7.955759347432493,6.82874920154998,4.622695238689599,6.496442562214503,8.516820150800976,8.358965912077494,5.856247078364896,4.398917865219974,2.7345746299391034,6.918383350252186,15.290134724553418,8.716919520159133,9.625078941398499,3.332822888006928,6.968202186603257,10.95501334442295,,6.787014578472807
1927,11.454371879434737,8.872675450417733,8.557730722395577,6.794778295591028,12.736423013392617,4.273337232301757,7.40316282879094,8.039859704517335,7.365195478167695,4.854489035428555,6.506523970338259,8.855060582864423,8.420250984941124,5.8912267545346175,4.2842029080727455,2.7669552729396374,6.63117962568604,15.728589919390798,9.062243795267209,9.086709983128419,3.9213194899998327,7.043446794616818,10.989168462475686,,6.833550208912844
1928,11.500466124233578,9.297383456184193,9.262281724549096,7.397659063514992,13.309965312560577,4.850870140361435,7.557880706172915,8.214177500226537,7.3251828149018,5.020354234708195,6.918041487131291,8.930510070546335,8.447926569830807,6.120597540134232,4.6277068984430505,2.9622193088643307,6.68760314594641,16.198680867357307,8.929527956531228,9.050005980532557,3.5366517780936744,7.4159031046811865,10.960324822405305,,7.105393225047645
1929,11.305198036798606,9.445673398514073,9.611047816688876,7.3877743742855015,13.684822336419185,5.206199916894392,7.469464054773298,8.661832989517128,7.776938238556733,5.234524591007113,7.396816657471471,9.063623289485474,8.745091612834235,6.373057362667002,4.73693390135094,3.0463963996092582,6.446125021359157,16.29415574688486,9.578387126954976,9.777845344773445,3.9246138169197953,7.419131660060662,11.075141714981173,,7.277421473252989
1930,10.400028194652334,9.19367754692328,9.88791455547939,7.2213961778479625,13.59624743456534,4.806668426213037,7.67683819663765,9.084382507356704,7.438168844344484,5.730929147223159,7.34721851497204,9.122775590376397,8.341359659864914,6.538027832486809,4.61853867822976,2.8325320158477822,6.056131513432229,15.990454237194294,10.31900554483916,9.833742804956914,3.8667301064830464,7.587723374919796,11.054531395263826,,7.27306756968674
1931,10.68877130329541,8.460086908409941,9.859067357893663,6.177348224209801,13.83505951231184,3.855845021386313,7.5750506245240485,9.129203461505474,7.159912291325937,6.020729861390254,7.506690138628464,8.803560303039434,7.777324766487363,6.705927006318315,4.749321085957682,2.8268670990511775,6.232062657690784,15.37984213773379,10.117763454537341,9.224843876277793,4.024844162165371,7.646026704725529,11.517555414197059,,7.241714985652679
1932,11.60263250761094,7.595135321743369,9.697090272622814,5.811903115027684,14.146538993497114,3.3762033102329414,7.647987141859908,8.846157649382059,7.222207581086216,5.7011285784318835,7.430586720059664,9.166447578780243,8.24457568782855,6.900226833599949,4.956297454947306,3.0366105877203355,5.276469309582671,16.184346722493434,10.713354887920511,8.494556464368694,4.064096735490906,7.468044809577488,11.9043486448768,,7.291894118948577
1933,11.777882185411926,7.350676223631053,9.688099429161136,5.409949475575073,16.031914199815215,3.9982028623326666,7.498792818297461,9.041966520695233,7.048283902877424,5.880067913498406,7.438378222931943,9.456077691694524,8.584042763989988,6.71322407896312,4.8820463364287425,3.24366950385049,5.853137187801906,16.110102231197967,10.87739691540307,8.39586819894138,4.335793997198729,7.7787117503708885,11.52354272598734,,7.22985580617554
1934,11.838468072540039,9.912136305719976,9.546667604637278,5.9495415792136646,15.119789080954998,4.503885104213452,7.408139126711604,9.254015972628983,7.243682020514777,6.115483801837914,7.311628072383129,9.79788952558749,8.566302640431536,6.520562927952404,4.794083324895044,3.2041340886997376,6.225375769379309,15.345168363180395,11.055857222413191,9.287783099855254,4.496851274446402,7.859493098571968,12.761492141477321,,7.215096003784501
1935,12.085900156870295,9.143356745217906,9.992479252717526,6.467299618431782,15.307805900325477,4.60429181866349,8.134269359445407,9.384737232928419,7.329967099865463,6.166580189227917,7.220056189075181,9.972766847880031,8.675219084868102,6.695590792780018,4.827754285669737,3.2369902785097113,6.6642090206639235,16.128684130637144,11.156240432822953,9.35835100840325,4.247224607671274,8.186644917225378,12.79886760847126,,7.434709566103219
1936,12.261904530428605,8.59640322805557,10.108696063561677,6.816327216068343,15.308469460742222,4.772655589729587,8.169983277063947,9.560850912731276,5.766412566505011,6.36685803173424,7.24361927704149,10.131927674768855,8.470230723127885,6.866152076905974,4.657924451982295,3.415137596019923,7.173301390361938,16.87285534364221,11.447573434043429,10.532425578792642,3.8815841644918905,8.52468220924991,13.09159157940433,,7.2786386831620655
1937,12.63531011615183,8.342885883528039,10.534531939378192,7.449073742109047,15.422984897537823,5.196968194586454,8.845351209079919,9.740840533784706,5.245440164789516,6.371162944489565,8.387251698465358,10.143763364399762,9.445247443772908,7.04621047315964,4.96800493825059,3.5554876186169477,7.389314251143753,17.053249270139275,11.768012367120281,13.130136180159708,4.496401189885965,8.612503012545062,13.70665016880031,,7.779551040001616
1938,12.729419854634616,8.727569077697165,10.500949699722817,7.840986055007186,16.216516156839386,5.371160922487513,9.111690548873728,9.945149150416709,5.188324830087557,6.425115682183849,8.24166157698749,10.013462138189873,9.009319415720832,6.8247747294002234,5.064861443334528,3.7765674719025633,7.489050414288425,16.217855598666,11.966091443813275,13.637726903669767,4.47874407385715,8.837564404280178,15.769265201490295,,7.859832098563041
1939,12.738648486896333,9.344040974488623,10.046396243859189,8.26525708905597,15.642888416882455,5.307798178485382,9.760596088266404,10.347168072257709,5.54196106391735,6.559591103422514,8.511056595531306,9.376155892377138,8.735138405461232,6.989244187899623,5.356577117221219,4.287396879158563,7.870637858939311,16.514142088297977,12.062764309257224,14.569990153580925,4.489555554404818,9.004543791236472,15.135835447037076,,8.310224629576366
1940,13.417014316161598,9.18370520229142,8.206281017403073,9.126518324089085,15.360934457799614,5.505090600391479,9.719902680239946,8.958633014852586,6.207762199359054,5.900003088439112,6.546581369787544,8.603657356978292,7.347055995897724,6.996823199159762,5.50181145170998,4.366216903537963,7.962777149339397,13.99880603833562,10.971493393001163,15.317614211680246,4.16125895919352,8.972267613588517,15.491365266495329,,8.044961143664596
1941,14.59637513039227,9.961219278149262,6.953211503418471,10.350185550392743,15.262684562506319,5.426284176085919,11.043273520048238,7.949963377568212,6.015602100403788,6.164299301859798,6.092706089584319,9.034863078113533,6.240412877838153,7.030955086628805,5.726907032639773,4.538652452827219,8.35229939702416,12.855479326832613,11.060676325749977,15.839469801764654,4.496960236715892,9.24575967926541,16.196971382277972,,8.527999791510798
1942,16.21414102869601,9.57171318645478,7.049042240354896,12.232765238411359,14.825178922836816,5.6237399187480905,10.912970932351524,8.1045065813938,6.261240247025247,6.221354774635028,6.079117951169662,8.45025413831211,5.2848835382462935,6.913648816256253,5.42627431586553,4.633834496676052,8.690937003557458,11.541018663874468,10.90245536666209,16.635225484580264,4.382052583812684,9.298409313939205,17.2423065529183,,8.435152770932111
1943,17.1575894144686,9.941859368199673,5.617479934965519,12.966408207816956,14.56901237524858,5.723032014047194,11.480435556752997,8.982099242716025,6.392304021163264,6.693998134837823,5.978740184362494,8.424805250678883,4.472383885405781,6.827926671347981,4.615933171007964,4.82969763436996,8.771948156875172,11.036508520878938,10.875794067394354,18.715804830782762,4.603182447442085,9.742951442813402,17.11572182601144,,8.477719102077465
1944,16.547222241904507,9.484257425399123,5.7537460714768836,13.636596684253313,14.889508765270515,5.7812972537119975,11.819231061126168,10.560259512924222,6.620734024988277,6.416071390271128,4.095640319482267,9.138327113390337,3.77886465816627,6.778454275971016,3.7608099051217145,4.75510985593777,9.244236359564354,7.361807509204225,10.521607208569238,20.254767298368584,4.8150118904667965,10.01121404718495,19.603771146358422,,7.843697860565021
1945,15.545988666087394,4.417521585498523,6.234275666635538,13.679244667756352,19.091446816443067,6.263446595092406,4.4482745330716265,9.76024866322659,6.074210531949549,6.472697142967404,4.834212135793668,9.889827043692284,3.1548470848824994,6.7530011525300635,3.408826181122332,2.389692196955044,9.300809230709135,7.494618705306601,12.12481728631224,19.82537089004479,4.549858968846008,10.086049724736185,20.255110650455205,,4.79430547845204
1946,14.330017554283362,5.03019388893414,9.913313657660304,13.788139326565695,20.200754400239834,6.63488024110002,5.188211252778786,11.283203181292699,6.257143626268729,6.753912936644054,6.178367227760256,10.681593225870193,4.6061323276657875,6.648633105344041,4.648060318000887,2.62254478078442,9.685514173208208,12.866471409234087,12.616161776299256,19.854395235132497,4.84011608288636,11.069179859888099,18.204219490867835,,6.019796951877185
1947,13.93699792248891,5.673345661788839,10.91206683558034,14.431939418454652,22.501942851083136,6.186297088134274,6.396467813375411,11.934417654394672,6.269593180033664,6.918823818618452,6.382431081042347,11.358536675925235,5.772455726782721,6.677443467279821,5.558163492202091,2.8568500370377374,9.796813097952654,14.69038790693849,13.88137852924122,19.335711933059876,5.173710853421345,11.69717642041538,18.148334971232817,,6.780057826643804
1948,14.715364334056654,7.348312530228907,11.542533787795412,14.748159080204635,22.84082714678151,6.953959975186659,7.093057337308267,12.233212921584887,6.20257175592175,6.984241769919426,7.204529343169248,11.52528890731674,5.6997678142401496,6.7075641043798635,5.91305563558761,3.215385702486537,9.99007224301012,15.843755812858657,14.58464370126509,19.221625940506474,5.080917185412769,11.794271664864432,19.11677609735383,,7.324770090964698
1949,15.138629887389026,8.918484916282408,12.141669098185657,15.051211607822069,22.39440236743421,6.906637511623527,7.532724502424507,12.994758055834895,6.079052118273224,7.630881582808057,7.89641135066481,11.898518945903675,5.858455775760818,6.913830221646831,6.481519584038293,3.362083888792134,10.329307024589282,17.27734130199784,14.748628318932676,17.621270008377177,5.087335423970793,12.061425973079713,19.336134358159583,,7.827721729123549
1950,15.72159932556542,10.225909260024192,12.470269990477709,16.1236127693592,23.41945018129484,5.809585132633052,7.708066169594516,13.966018295385924,6.154406764135548,7.809109126268705,8.590513761311065,11.502364363837188,6.156268154352644,7.154918258402637,7.630458268999175,3.5106488266414555,11.138860183863585,17.871392156499205,14.919584805998067,17.846499971849234,5.143262308440585,12.905407691597825,21.038329976717062,,8.360546632636414
1951,16.281449726327104,10.734841690163863,13.235282796173587,17.155209985987767,24.520893303799692,6.101934593840271,8.349287647853785,13.996212819799753,6.756328425105703,8.39934355293117,8.991681718738858,11.707834017111013,6.376342044237446,7.382173613235087,8.289366106669284,3.9022084655559217,11.865294741013573,18.313382758276074,15.811700969957357,20.62588939175175,5.362290017622671,13.345096366334888,21.72518062104935,,8.927092733777556
1952,16.316625952611982,10.999872197565017,13.279701532722752,18.506825191114093,24.35678227383945,6.49900855215169,9.036062073845873,14.368905083472981,7.29214944020727,8.598596289762682,9.312275342551521,12.067038067418181,6.108804152451274,7.698733369345098,8.572227235410985,4.3038061676788155,12.201061028109828,18.900691629643024,16.456187755345564,19.02013061344819,5.357945919475355,13.576943089662482,22.329822545373194,,9.35310193117684
1953,16.710764887890402,11.62618726775523,13.880526902859879,19.384167268165587,25.12948763144876,6.884836609701436,9.655382409684156,14.962405548389167,7.235660902044722,8.583547678012991,9.775599646718218,12.655020168514799,6.610193061403038,8.045860029935852,9.067281919251307,4.5671658704700935,12.096882796249366,20.323741663516916,17.200941717642817,18.934172661816675,5.719748356270002,14.199368176490701,22.992276113637836,,9.849063584235223
1954,17.62851366872806,12.464749600064373,14.501564964015973,19.32038517272415,26.35080890941677,6.834018382091877,10.155068449511846,15.228683131560311,7.6684144749434155,9.24956377518224,10.28664177616976,12.997694806129427,6.493758267245566,8.399929179943499,9.255069705881423,4.692506244435963,13.15706074861347,21.289460892722044,18.16544792102404,19.25994304344663,5.981560984840217,14.943032507771123,23.389846333538173,,10.29341316602646
1955,18.46452615502301,13.246772374574928,15.114634656202774,21.30063324943468,27.666891774395868,6.912652254941214,11.093207264818151,15.548182905747641,7.937639882005773,9.631939019316953,10.860039848826126,13.370700666250437,6.658522769767947,8.60289051074112,9.869829198393075,4.875702303241841,14.10576311540061,22.62532713832395,18.66542568130884,20.43137108147847,6.2150847446246384,15.492268772464868,24.123423073246183,,10.976598029134937
1956,18.96965920215775,13.66568827178961,15.681740913267362,22.240608734637373,28.779564294508656,6.971402951212192,11.75851780074114,15.934903940863059,8.516803196003163,9.833105022089718,11.658967240504039,13.562603153003666,6.895767750002994,8.98989438419982,10.289518562167023,5.016213225451254,14.865675403138411,23.271370582990823,19.7663241844989,21.009669055608903,6.472678011243423,16.229243413390673,24.020237333828316,,11.57635978108117
1957,19.277883107560097,14.159325073684785,15.999726393767084,22.507326610335383,29.36581782337221,7.507950337477802,12.281552160630886,17.230324413298348,8.711371219071522,10.127494623884004,12.41859896514602,13.91896404464914,7.276733820590031,9.268792805132886,10.803048604013279,5.188234240600553,15.771350842434464,23.973525416033848,20.451440828453315,21.19250990375275,6.944774243446369,16.373582465598087,24.782377923273646,,12.095853796099602
1958,20.21313349359347,14.588256202491321,15.949695631822042,23.178113376375073,29.09358912548643,7.606527936281059,12.791214851449187,17.68472497139685,8.989608416944154,10.022122396839992,12.879026572478981,14.417506708789547,7.516784015399431,9.400460571986883,11.350117760351266,5.403571603639205,16.381199716044534,24.30463640309254,20.793339434058147,22.01847419146406,6.838247480851574,16.790194031738466,25.335141635724966,,12.513009214313664
1959,21.39459117562956,14.845920831565428,16.589996914297846,23.477645162806894,31.03575044623313,7.57713511813306,13.748779618609953,18.769552377726942,8.926225454328712,10.97739831773718,13.318487900106835,14.866987646798206,7.7238212289660355,9.391672144331263,12.010363590704062,5.781648494911398,16.638038302801846,25.418755239634574,21.78013223237793,22.468876266111184,7.203852018523659,17.66145782853592,26.276370271390487,,13.149335566710379
1960,21.465445017067488,15.826176833984952,17.008279915118504,23.9765211508083,32.433072925012716,7.975990731722342,14.881889093764466,19.073702385480225,9.137005892467993,11.630679803367503,14.306785805156156,15.558629795200966,7.989157544965541,9.859368750969987,12.84580900384391,6.340617299044237,17.729542891764595,27.24374173091482,22.923810302933166,23.243216999498724,7.673394864167753,18.063526017041852,26.564361088852575,,14.060662574475563
1961,21.721086319975374,16.718020538207735,17.755101992231488,24.60462398804511,33.445290623514744,8.245873147153862,15.493464626597602,19.86658262217927,10.376104747438076,12.381077007627649,15.168233545208707,16.047527256262462,9.048315106981724,10.588380340685717,13.916395860097936,7.00204348725228,18.01674445943236,26.738697780837676,24.26140853697889,24.128426185825855,8.161958965437105,18.914513069764002,27.412554385731397,,14.906741533787596
1962,22.572054046372436,17.35162976751104,18.470926714532983,25.721886496754127,33.69986804904282,8.525777409395928,16.402250392427806,20.517599889826176,11.561258160498978,12.729458271636236,15.997771068319658,16.38436925142963,9.21406152574669,11.182365686731858,15.263630961602944,7.609359600799678,18.407909623980288,27.80647048533233,25.00392253029657,24.61868175922689,8.775863873867236,19.738547847028972,28.396979669604157,,15.905354878851657
1963,23.519579126129358,18.32044157774165,19.18996278243093,26.681726732298724,34.76704721660728,8.95813971684047,17.077937771681523,20.26883449934161,12.77799096819388,13.206930524249445,16.850522292060155,17.220365916413048,10.498453066248883,11.611373188767097,16.536808939710593,8.209305176616486,19.32980825557683,28.234574675583016,26.077802005489577,24.92041018173776,9.376673615126249,20.75906799015126,28.992359949736574,,16.841892808701
1964,24.10803470920879,19.614813986473276,20.26321073466416,27.554330253015795,35.97924220312267,9.048464035821052,18.09447958575084,21.58385236543114,14.274972821217556,13.561868244238482,17.60856585885769,17.965178149476138,11.689497159685068,12.19474618319335,17.27934156567784,9.016165480322549,20.89468244062444,29.8455402687847,27.04796314486664,25.759425831296706,10.077796161385727,22.52972450774934,29.93491494022434,,17.8687600267061
1965,24.018774522126982,20.584299082648265,20.909838740952214,28.453352947246714,37.3229305325996,9.012025170386593,19.05746480684741,22.025241975965205,15.140673278880085,14.267763463258126,18.437306552718752,18.37130426588429,13.097646918305788,12.805845158928552,19.011616387393858,9.4733353829415,21.70177597870117,30.917468179879545,28.999187834905356,26.489119654211414,10.921245827956463,23.287976693171235,30.938999102601397,,18.971613127190157
1966,24.741018919593266,22.06512321893611,21.364772496940024,28.98192551803365,38.32897930112481,9.919052405181374,19.911118874124416,22.108117656929025,16.101461461749143,14.750680612359151,19.332548084747447,19.07538816593282,14.137967899629757,13.198032076043694,20.43778667384679,10.230351651108732,22.43753860359207,31.288673168495844,29.91376224344434,27.185072998590094,11.498950900299267,23.735430708287236,32.324377880581835,,19.949631188475422
1967,25.294731341948655,23.329409390144924,22.13078360478524,29.1569779563822,39.23754155156177,10.1316784029259,20.9488218533122,23.67641533220375,17.026019890879468,15.527811325581867,20.543180346754127,20.019893824151143,15.188190891143487,13.541662943458686,21.502044436067184,11.079971854390942,23.14996208374008,32.77373809451279,31.715580122952,27.591271172055997,12.512463051246781,25.209462244575537,32.93576198272418,,21.04964415143963
1968,26.491035668792186,24.900801421905545,23.058585702781652,30.577020871626083,40.34311897408306,10.376895123898048,22.240810309059416,25.38139470311475,18.23548953547727,16.319575316198637,21.73429986689903,21.312228862421897,16.553657777901417,14.433270408264677,23.14930518523769,12.280312796132455,24.181222626832852,34.28784777136048,32.98138355283389,27.915501143811174,13.78649267036563,26.4784952717094,34.04280066405528,,22.426008358266404
1969,27.66837420542511,26.69342975548076,24.208876832075706,31.382340609733276,41.8633196109146,10.663661237580177,23.742477622963563,27.11890741221217,19.763630095184833,17.855088397855432,23.77616147112074,21.79704928526438,18.606522180233398,15.766102155427264,24.913255493230732,13.791840417666332,24.91783791062227,34.921573369691046,35.100695103100264,27.964375098815697,14.24594749796726,27.839149662410797,34.24818564890225,,24.094003117128793
1970,27.75973124044056,29.468286881684527,26.561312459700737,32.25202022474729,43.82364276061804,10.865826788224142,24.704983184106116,27.51530525884285,20.59987815348201,18.816998807666117,25.110734461803133,22.97760883595846,20.691394033424107,17.16342690880684,26.55418042938073,15.177399396434414,25.801312414561938,37.33622537925655,35.517068551749844,28.613838554026927,15.054613655241608,29.36640342169678,34.525885699037104,,25.463245451489485
1971,28.443403603770797,31.03382336663174,27.503906022905284,32.992883487129355,45.03791526917258,11.434612265694405,25.75236594184273,28.605984116352374,21.488735411514245,19.626648075348257,26.34311309229915,24.47816194732993,22.236881355065055,17.717974872108158,27.810818969769038,15.832226556305507,25.482721194369862,39.29879319707339,36.23554339906776,29.350505211911422,16.199905338516032,30.156544792252806,35.59623220442348,,26.642642349299265
1972,29.05247679678229,32.38858128717758,29.42008976426721,33.9473474081902,46.394324362519534,10.871990373264774,27.318798463587758,30.479578264470575,23.219575745054414,21.36512304344344,28.101982762343173,26.027233250782245,24.357099186603296,19.279710004215737,29.616659369102962,17.17357908501133,26.154526561727224,40.60466174236328,37.1794945840435,30.578464580523953,17.717734175842832,31.562539889498698,36.27394929721077,,28.372212424087873
1973,29.5933205246664,33.8688318589234,31.396571390007015,34.65224593071147,47.993985380012866,10.138348606273908,28.870888832526266,32.11109791476719,24.461523021365725,22.562245658851964,29.714727647774666,26.27944830421128,26.04927370571828,20.007993704162118,31.72816176462154,18.371153013690734,26.80805515381624,43.35480418315776,39.02994561129408,31.930597771645566,19.992989231808906,33.00967807801257,36.99048626174815,,29.40598234629066
1974,29.08518541811451,33.817979319436375,32.70222196574583,34.48853871447573,49.46822315287507,10.53328254543751,30.076029548292908,32.51644517617776,25.741502102633003,22.671362075401206,31.25001836960231,26.068556030214598,24.33136218834843,20.92655175220082,33.32829688790008,18.768632436948188,26.893132070242874,46.34308779864994,40.9480796893998,32.462500974793564,18.194394451438118,33.737982573367255,36.65817934870238,,30.652831733824215
1975,30.173211366626774,35.81448948521354,32.89523637141129,34.74199581293824,48.391016863328474,9.510359605126972,31.376471946649747,33.83968937206204,26.406964134622324,24.062506320245145,31.637416308536704,25.84659408398576,25.837703091280076,22.39573106774637,32.72997541503827,19.63099524295728,26.674994182373794,47.87669584644858,42.19742509199129,31.411440072185314,17.36290551134405,34.26093558820444,37.40907229274634,,31.282862032021935
1976,30.672162077641612,37.51972835484736,34.9098894810115,35.22437330088341,49.223537213554096,9.69727029673702,33.0004873354497,36.07681298903256,27.805242455859826,23.578305154561402,32.29518387640564,27.06271781102798,27.263831260872436,23.02066847296533,34.884091943101765,20.074013505792735,26.603867958485782,50.50952794314752,43.99728371897427,31.226690092207978,18.3582773662665,34.21395454366563,38.092433474495124,,32.793392585078394
1977,30.6393768077116,38.74713261765784,35.77905943207185,36.3588628755157,50.919474649663286,10.225971725942074,34.50789221674327,37.12422787508641,28.63219039666817,24.230431955211685,33.80669089797088,27.990582975484156,27.82562395304663,24.485322870367646,36.11379726619818,20.66642016126362,26.345921254953286,51.599163622777525,45.90614532391008,29.60229381248606,19.525957097645904,34.14099929591206,38.37766895659977,,34.074934887248126
1978,31.932879398972545,39.580904438447455,37.14028828301059,36.54011185049423,51.01821063198978,11.002254208525034,35.70375327671976,38.356197632331586,29.999821064600752,25.2196087522616,35.59821900699947,29.293328650197015,29.691263262503078,26.178385649915903,37.349203283494,21.550830056670705,27.169168463962137,53.104934046102535,47.93522769233766,29.946269371060637,20.2581372348685,35.49756642941128,38.97100990729132,,35.4686953418143
1979,32.145793986211416,40.49296008343038,38.03531665230919,36.205160272648,52.09271684856177,11.721078629006673,36.94160271556679,38.32744797775238,31.22516853564772,26.688155071057345,36.80893016804993,30.05225895221579,30.320902294623078,25.93802292067871,39.330197656725105,22.404055516547697,27.92339268810965,54.17954020582567,50.29191337228619,30.279930809360927,21.069086908819028,36.549675090389385,39.11754961549685,,36.82446235039176
1980,32.332302353754976,40.844358629671845,40.240157302786855,36.19850175017803,53.68873003651528,11.969361798427201,37.480690275320796,37.353138933402604,33.11319415193231,27.55171427235062,37.50766139930224,30.315613964971565,30.107624411808136,27.45937284354168,40.14413034585798,22.853253958747747,28.42010894184172,54.36844051618575,52.22295527035119,30.65123833462625,21.671606525419822,36.74082463072206,39.21476824969946,,37.710107028917584
1981,32.97311179428799,41.88657964027569,41.49538956549272,36.694132599079374,53.869658700399846,12.352291008893959,38.46442549172737,39.4619557406644,34.587653962894365,27.71256967839074,38.509131194925125,32.3600203118543,28.285637803089198,28.892755681737462,40.31386818580423,23.78966650546363,29.897856440905212,52.85760214134237,52.58229517731951,32.28570139433862,22.2784718682149,37.19297859474289,39.859489614310654,,38.40490843858568
1982,32.68451929882748,41.055340992563146,42.673794378976204,37.16921328291345,53.22682226169529,11.302774174668702,39.1964520412838,40.64574830511683,35.75657938335381,28.399307738822667,41.04558711528817,33.305588011463726,28.242929031942708,29.772163150873517,40.3852274797897,24.35308756316388,28.7337679355417,53.327587253063385,52.911196610814194,32.22608879051396,22.83292227963162,37.34005357934209,39.680341516167104,,39.344030538609985
1983,35.07092094980047,42.7988639215484,43.08239645425466,38.07803864180329,54.01179708944654,10.485785748795989,40.69312141408159,41.35496098944688,37.14429250170101,29.294728127213432,42.01951406697865,35.42001435399256,27.883236459290657,30.084258064622606,40.646502288917624,24.903427193037892,27.424066110656252,55.609925249044544,55.225800463606184,33.81548093366354,21.80843226138866,37.79587852560856,40.53395831346156,,40.34362516226168
1984,35.370571323097266,41.9061158092034,43.58100652358159,39.10996802069151,55.69820711763355,10.65393443726283,42.03598871866234,41.974820807249415,39.78800309531037,30.024021112246473,43.16846501638427,35.053192190806186,29.453256769617813,32.26916707948447,42.065555965304085,25.712700596331,27.302351180989355,57.29042729539577,57.87867643095576,34.862689237585,21.808776772123764,39.05150904400837,41.35478776108411,,41.722303190861936
1985,35.83190473291653,43.05685767566752,43.89394158337222,39.68259007322518,56.80988155869739,10.271281266500283,43.30798493105039,42.95398212810618,41.39680588265344,30.8906560490366,44.97423750612919,35.24293808812322,29.21358319884463,33.42167383982304,43.19576281147575,27.06064937825105,26.773745806531323,57.7612568083293,59.93953551511791,34.43759128457246,22.64591636230814,39.37418396067747,42.239721196679014,,42.95028845622164
1986,35.26818329873797,43.47625609781706,44.917993886788715,39.27500658878964,56.858027523987566,10.291183653471123,44.33618632974843,43.150111311463235,42.166357355352886,32.12292927516849,45.94182804996949,36.09223916717279,29.40794117274156,32.79290487564839,43.906375437009764,27.68617559825372,24.99708930069857,59.571583556475794,60.42322152715597,27.370594484376447,23.688134769168023,40.77618795600659,42.93643499837983,,43.8516383455726
1987,36.25417194376523,44.11635683340857,46.148085692474986,39.506755097587046,56.412072025635354,10.539930593722454,45.235594497707496,44.60202809596181,42.566925093838094,33.24319616470692,46.637570030593494,37.69715863793311,29.35130236800872,34.431905977465355,45.020439192054496,28.728765831038782,24.622941516477475,54.26290345333683,61.473415559994876,27.674063279582786,24.362233106892184,41.41856022424501,43.06361012018929,,44.46474720382421
1988,36.360544377203084,45.33325298764868,47.97638447653625,40.004652831606926,56.80010190630106,10.659116174286824,44.779759860143834,44.38223778353286,43.129363415368765,34.794115220670875,48.161403767696356,37.537577518395565,30.27963506990735,36.08935530333206,46.192496068629666,30.22575988026695,24.098418710878683,55.68563031663772,61.55938886035511,29.30599095723793,25.534035865140904,41.37703039830312,43.92369889809011,,45.27954739825777
1989,36.28282489274615,46.28138538747671,49.095717334563155,40.16218659908508,58.21501914671056,11.142027850633596,46.66274393130794,46.06116455629321,43.947165847809046,35.47910721678339,49.995702948357966,37.53687773183258,30.69094214002663,38.087500023495835,48.034695860071174,31.417231071988216,24.19123023828553,57.18238174148278,64.29093972964698,30.539589434332647,26.283909154607215,41.864178029884734,44.35606881569414,,46.866255961322906
1990,35.92074536724142,47.28147383259691,49.45511032159846,40.062202554509014,58.828228086054914,11.272145060103245,46.90191702145457,46.73987851162098,44.45243387749491,36.22327700454869,48.90785490924554,37.73378496031002,30.61056183550241,39.65002839152253,48.53920472220973,32.93419990704432,24.506242974743042,57.452683332102765,66.65408513960347,30.700357709811083,25.844600412526542,41.86378733832908,45.14755469342658,,47.05394157997675
1991,37.27613837912523,48.07757740074357,51.386770378371544,40.41996869861725,57.32566969987577,12.002267436158485,50.69350763250295,47.898300426040706,44.997657307075904,36.34946215151025,49.57838543932092,38.4772704827693,31.81958441828037,41.24270364885649,49.07320555237289,33.97399670769483,20.50892501281973,57.91576527137513,69.46435313654526,31.005479914565395,28.564697294327154,42.580967357237874,45.610377085239655,,48.74223664148497
1992,38.54199455819218,48.08649216233604,53.085914724743986,41.25883524885328,57.59370167169376,12.910295962439909,51.98339057972721,48.3036751161659,46.48374076708611,37.857220477510964,50.69427166992143,40.37788660646663,31.175675567179027,43.335637828504886,49.726778069912406,34.472587116515456,20.615026834017947,56.9046512227074,71.57965059723824,31.177918674605852,30.31838995760399,43.46465640266128,46.80584996410188,,49.73149574717321
1993,39.7422023595304,48.02831879108589,54.43861219675765,42.22321042547439,58.119093668684876,13.211560915268866,52.89105837379974,49.72332275527446,48.23720622454888,40.09444692457512,51.29525219896228,42.11524023044782,30.091799702227323,44.39337061961064,51.64133575234976,35.30013103641665,20.532927339108927,57.832224065480936,73.76287259081312,31.60213180301242,30.20007730177993,44.72758226882106,47.05287356238727,,50.74516561314906
1994,40.08953837015809,47.42564543381138,56.36298790567361,43.003743040508134,58.52777357547387,13.990275339582205,54.63600125200245,54.57392024258824,49.52782269751772,41.507024137197504,52.5632312654995,43.20267803530221,30.622411017698287,45.42748818735158,53.640783838654585,35.76370126535945,20.487976075511437,58.66817447451263,76.31648239577927,31.971900221271675,30.411303336619643,45.79975646991493,47.85849606614028,,52.16501132275195
1995,40.4762136729185,48.288476779532246,56.568061365595604,43.44933998239599,59.56946828846099,15.467704425323438,55.65978823821819,54.35801126785433,49.702597546257756,42.17478803755104,53.93107649911614,43.77588750777938,31.2450475072712,47.680127085508225,55.34934790871371,36.99691686785101,19.222262600523567,58.41342020093945,78.66783384369094,32.06689951132951,30.87135442809337,46.75114714096442,48.421153453486006,,53.17619217315691
1996,41.501065851577614,49.20177057122152,57.06990728131345,43.37602950336368,60.8868551672358,16.512809388727103,56.846297197819155,55.676796752649565,49.77405222350093,43.17459924372834,54.690012267259114,44.395675722633285,31.758148357407585,49.61805156708259,55.47239733392096,37.810716989123605,19.436053313311337,58.59363837815136,80.71028922833439,32.23948257508445,31.73572412436284,47.3815195109512,49.50393475721653,,53.84035177888737
1997,43.32995750454063,49.926359790188926,58.59506813015651,44.084881408878715,62.75024114733451,17.846009045605484,58.42548969253329,55.70316471169152,49.77163993710601,45.10400179621002,55.686237975262934,45.95879616514935,33.34401720278795,52.9259963715792,56.46193281271508,38.35203459265258,19.206424744716276,59.52479808474067,82.76653595265245,33.15839709000829,32.60267490885575,49.21514243030498,50.485759014180495,,54.97120897938169
1998,44.601150902098645,52.262468831483815,59.288680307945505,44.79744236330162,63.47893693041874,17.887998944845926,58.81247083364331,56.17364448384721,49.771120078295695,46.95153677288107,57.05663964919491,46.78389500853983,33.20733403610857,51.910591555704755,55.94008466004212,38.64369582610258,20.34324290348035,60.60564194354916,83.0222974974811,33.68223548148501,31.40131761809456,50.63560466825778,52.01169583224561,,55.41783561681992
1999,45.52586013322241,53.384063463744404,58.340050449240536,45.97468367447009,63.25296872314777,18.25189382788579,60.476400634608865,56.93788471881539,48.990118571641766,47.03381525300582,58.07352509115539,48.06340431104462,34.180962800510954,54.33984758222711,56.2411502693963,39.54249487268066,19.983761725169266,62.04453886244363,84.21948887291833,34.58503836848338,32.07938342411653,51.32277811419317,53.74535929838516,,56.19197213009537
2000,45.506807158401536,55.03864541000437,58.72010416406515,47.34034319287706,65.63800915453521,18.990746957631796,62.98722014949771,58.34502515114353,48.874313800620385,49.23387355495464,59.57939532275946,48.86140636710743,34.972598685947055,57.00498151760234,57.9060905420339,40.496394208116186,21.15602307442725,63.02044524336877,87.19312087174414,34.88483064339857,32.3921656390306,53.300361192273975,54.78099842226175,,57.66560694527125
2001,47.17095956662155,56.637871271878154,60.21082882890282,47.98107120633533,67.05868002184806,19.606222172302875,64.18842908430746,58.64053165869064,48.524346709865895,50.27107793020956,60.39880526432081,49.872486118780714,35.53796595736031,58.456195607206766,58.24012149536401,41.149300655333555,21.294296579989588,63.33329472059371,90.58927375955001,35.53881572548299,32.7389929043324,52.827184688698644,55.95230317810752,,58.31899864719721
2002,48.18428652324112,56.89081005332907,60.527349260732706,48.79126357078525,67.58405101149586,19.773107172868542,64.98172223682847,59.37349920453701,47.89735181573652,51.26506622326159,61.993300731489924,51.18474231079765,36.53377117142959,61.45446371624,57.90496559672411,41.985181904699246,20.328979416281737,63.4853511309497,92.5920614865095,36.14287598440945,33.00365188030815,54.66131827080405,57.27180255124803,,58.73433787370095
2003,48.92870928163264,57.236531012159524,60.99412506144333,48.77625761700286,67.10678089805795,19.93976115798407,65.3302750514724,60.32050145389269,47.6338333873052,52.61793816790405,63.85679420302022,52.7156974972353,37.90442701331988,62.69646907103836,57.744649966268774,42.698625195814806,20.96030675498183,64.30694590841262,95.39555862614185,36.90727708689243,33.15263774133114,56.55610004221438,58.70043922507316,,59.158523363093586
2004,49.55888075880216,59.6076281277611,62.51698218726948,49.19691672026431,67.79377019046841,20.837611186104844,65.90953323818599,61.29246768944063,47.71597452751553,54.69140627251494,64.36556083976538,53.84027418920931,39.65246177231529,65.37610918284771,57.77493076291098,43.84689499594243,21.255480038632115,64.80194936563011,97.6689951591701,36.660959938294674,33.83655225259218,58.486508344967454,60.20003283393649,,59.70829171769266
2005,49.25489572879323,61.54969827281127,62.907600887171604,50.4039166383126,69.84263788558876,21.973039831109926,65.9710590671913,62.75041315523557,47.156008312642136,55.742318046924815,64.93220635521432,54.353748789241486,38.42206590918997,65.73961286640998,58.24462592176072,44.68248723407528,20.960956709518356,69.1165921353724,99.45417806240171,37.10811240897983,34.16335973860116,59.55581027365643,61.36198721626004,,59.9984577680953
2006,49.9455870869619,62.946569432343495,63.51759049401772,50.90110210477669,71.70808685037454,22.898089593500085,66.03619798461018,63.699537998612065,47.56417978300743,57.15209052145643,66.82506561833266,55.468288008572756,40.036577613685104,66.11274725994176,58.348427694032075,44.858432151940114,21.63766846264482,70.58170118224272,99.21941727174449,37.59830536402641,34.71993945029561,61.06566853383618,61.8663087060127,,60.68837589090283
2007,50.34572233108613,64.10526039305292,64.02434019227503,50.79910179452256,73.83081945136884,23.768171458084293,66.49932510804238,64.92139195194761,48.09230637344383,59.127923735345504,66.31475338874885,56.31596541656622,41.300607565456495,64.54644995146985,58.67446090529147,45.30016435867929,21.940260323975036,71.23471479401623,98.4310842789484,38.83827238836098,35.172611459081196,61.15504132306124,62.36263508334107,,61.059183094509585
2008,51.124330714415656,64.17344170323209,63.84203132406339,50.66978768869749,73.93327349932855,24.26995394726264,66.48542479292269,64.66613192432631,48.52914227106468,58.81389913281924,65.35758459942464,56.397359480641235,40.848763702886046,62.990436876649014,57.97420919173249,45.288130587072246,21.217007686115576,71.11930938019644,95.63401032139029,38.34825248488648,35.36048097243824,59.7772644609635,62.88580915927512,,60.79485955197444
2009,51.093774530941346,63.57170926581202,63.6729711482157,50.86546141483847,72.00392269134309,24.31099080181023,64.70573820927574,64.04996594092148,49.86800664540675,56.42458159003459,64.60516210555792,55.04062957993996,40.0163605724206,66.39823554421058,56.84489815158285,44.92320537042438,21.207868634472383,68.90060931752348,95.8799740149323,40.0954927004084,35.27654475081867,58.893394819202086,64.63485144197087,,60.069957973397656
2010,52.02517928178424,64.43165640180911,64.0533044353482,51.61507022365799,76.4579976401446,23.835955408315233,67.2668778027916,66.42438929132318,51.26791531149499,58.27071010831876,65.33614930897107,56.39593478509065,40.45452330038437,74.48558978830707,58.20756509585081,46.413131798816586,20.153628212753155,70.61527519069952,95.94966343451077,39.97230138082008,36.341528176915624,61.017109347929086,66.22841794654464,,61.76710952940148
2011,52.630069345318724,65.51876046984357,64.18948053495916,52.506571805231154,76.35106031059773,24.359201009818033,68.41895510797347,66.65678743214741,51.53903120084016,59.38454192004962,66.43605803857565,56.50584435841417,39.45403910025796,75.50774843969344,58.5725335775562,46.5287942595764,20.72047685388054,71.69586024484636,95.22215900010154,40.673584359822414,37.38945564801386,61.57594994453899,66.64277801128408,,62.58035725688503
2012,53.70251635074529,66.38497411009956,64.57670902762368,52.49050881992456,76.93862383180392,25.47445593613191,69.02373777594559,67.84001714907224,52.68198723956968,58.701539646351165,66.74321493242707,56.214111272596995,39.78398619199011,75.95721233932288,58.18810877608818,46.866769735352506,20.793730637569524,70.95004900005058,96.18300475504972,42.05935406958992,37.747180042556444,61.29861944181037,66.74821235649674,,63.00783746774807
2013,54.39934793428091,66.72637464196993,64.82246320722845,53.129745838024725,78.6178405104332,26.074358815073605,69.18075360423624,68.54997214521687,53.639686597070934,59.101063089980556,67.83819430239053,56.398382322094825,40.40403114375859,74.49197843361324,58.57299261331387,47.75078306159175,20.69622068271019,71.16847647476048,97.20025810989792,41.56946103763375,38.167540277433154,61.78015041870612,67.36380866939622,,63.58746362851539
2014,55.31524683515054,67.48189984264111,65.81968189205129,54.50407298882006,79.55470568836691,26.470958448449526,69.91130218190949,69.52338275487745,53.71318513142512,59.189367093958296,67.30463661120748,56.2950826491966,41.21124532928784,78.16448098203087,58.43310062568615,47.731902472927786,21.215486830150006,72.05159400073983,98.02993077399904,41.59750847019679,37.71628964810024,62.43771039238832,67.86752349332804,,63.88386537184216
2015,56.65630031161083,68.25958088299457,67.33638927549626,54.35833917314529,78.67353676617726,26.687386534152036,70.33499584562814,70.31505671280988,54.02889622694836,59.881610863898636,67.8398949624729,57.24374264037743,39.978295061133956,93.82434372319072,58.359778685551596,48.366446746060994,21.335278704139455,72.73384657131358,99.19903197811554,42.6218797917376,37.82410553687125,64.32384744883369,68.72801108646959,,64.45334983254592
2016,56.76667199199457,67.94729239609588,67.8524370400816,54.68956043960785,78.84701367564885,27.043264849959932,70.36419941345024,70.99826341209875,53.990897511473456,61.25048578302243,68.05025911092604,56.98842619147319,39.23924770810301,94.28393192503277,58.21120559661622,48.28238439386448,21.477503589851622,72.81012474550623,100.22517835534299,42.38541521854305,38.0043203713931,64.15376669618496,68.89587737056786,,64.49123552873442
2017,57.568786768954105,69.3881710682953,68.20951157508007,55.75214033248999,80.75737526902692,27.10667945533445,71.68823807757815,72.06621974452247,54.51070284150126,62.85392512208453,69.77567832051074,57.527267187052566,38.711049942942815,98.41722135232087,58.58569749580683,48.97618803105888,21.59968781922929,73.48401177723765,103.29587492015534,42.489719399809054,38.30558799606372,64.8192878559793,69.6289335811085,,65.51473997582886
2018,56.28313211668468,69.38642617876256,66.23150828245616,55.71253772153036,82.7310768929933,27.986366860657153,72.23536294132829,73.85880823132337,54.14825971234771,62.251211763193375,70.89434981791287,57.785586609452444,38.70302500088233,102.88840939458488,58.459464426527944,48.98502107804115,21.484173992743166,73.7732804238796,102.84288358091577,42.7354329583084,38.53832254964199,65.1473159455286,70.40130650427042,,65.85660361427621
2019,#DIV/0!,#DIV/0!,#DIV/0!,56.71344734780008,83.18850176494878,28.292554237391343,72.00902315396368,74.50677750432352,54.26317018392285,62.57821265505937,71.18818240488523,57.90665124372779,38.72898366500514,106.33589955790296,58.424264239203815,49.92868384965565,21.074208639269642,73.31675147906469,102.8194549831352,42.45677186699679,39.06873996430974,66.11673225541149,71.27141486589483,,65.9382521768881
