,AUS,AUT,BEL,CAN,CHE,CHL,DEU,DNK,ESP,FIN,FRA,GBR,GRC,IRL,ITA,JPN,MEX,NLD,NOR,NZL,PRT,SWE,USA,,Euro Area
1890,4.3019741216543625,2.63495655790223,1.6842048348685414,0.9197352786893616,2.7333722246959535,1.1759584551947566,2.233746423042573,2.3418117452710137,2.545118611256584,1.2161571398290845,1.2217477953387363,2.813410451889125,2.2869398314721185,1.6546545840612863,1.4772395264529838,1.2374549028413337,2.6227236690043005,2.5238718959317152,1.8539102588731011,2.73498931870008,1.30271323042355,1.44034306387283,1.7441936220924743,,1.7178105569468392
1891,4.360584508548125,2.7150341432974874,1.6571114943288532,0.9322912438611438,2.504221847069735,1.2231532691922913,2.2304883840412364,2.3728966000864307,2.5821257517957767,1.198564722736994,1.220459729091202,2.8124415434401095,1.9758929415599646,1.6786279008324458,1.514213136547147,1.1634294382199528,2.518472689260315,2.440650376559492,1.8648905832786777,2.72820688026155,1.2779718231164547,1.3992454534686476,1.7445626979800244,,1.7168591405429696
1892,3.6197401323420944,2.7627424929049758,1.666337567169237,0.9169683197555157,2.6406969004472187,1.184499505043687,2.246699997840192,2.4120053330189206,2.7511918674428912,1.14353257393258,1.2350226139555431,2.769719763028665,2.044477038280151,1.702356528928213,1.5280507532178575,1.2220909595357692,2.518851768847005,2.4479804487076002,1.8730756357768719,2.6709480122855087,1.2672040933184638,1.494498378084968,1.7243508769528535,,1.743254833993365
1893,3.3001740548108303,2.7668959949231686,1.6639391911409018,0.9034788148820498,2.67758905123838,1.2289796612247643,2.389778739002337,2.438537314611897,2.6317667683155683,1.175834102771614,1.1895169400215804,2.7639325128705106,2.1577305975560734,1.7266964723168443,1.5650797304226272,1.209305427131087,2.5269310778649805,2.4388771857953553,1.8968326145219772,2.6731951842471364,1.2894796346304074,1.5653466464502586,1.8014617959837902,,1.775076219673558
1894,3.30513545619973,2.908146665415626,1.6541150832753555,0.9385083302499182,2.5483385719327374,1.2026899740140817,2.433054415005574,2.461080181937772,2.639560384457417,1.2399203868177648,1.2907995252647515,2.904014413582151,2.1870133132001146,1.75122298094772,1.5688680506596977,1.3386339439747532,2.5733318193686965,2.4647084413217693,1.8826175575782493,2.6192775700480833,1.2709678889752283,1.5679190577350237,1.7894006943824103,,1.8240515074763928
1895,3.0136223481727975,2.9665911571902956,1.6504414241813763,0.9222453557785207,2.7616069204403284,1.2720476767366375,2.4674127898865934,2.5820709107279964,2.5961504961695985,1.2684482403814823,1.2587037058298594,2.9356949810023334,2.0848804456318204,1.77441298511704,1.5743760595258967,1.3386558988957757,2.6089140569216736,2.5086003646082307,1.8797887396582957,2.506344655834006,1.3258124256159147,1.6124731440410023,1.8890248199395678,,1.824402323388301
1896,3.143548080081019,3.0029327283973934,1.6709366467097164,0.8924818811560008,2.7556458337909304,1.2520422949780274,2.508177561416593,2.6475288822090732,2.3660670829320436,1.3164957166374458,1.2888329470739408,2.967986213737622,2.268793761710596,1.7977197729247218,1.5877695318348737,1.2486171600028357,2.6271855872752137,2.379634304128144,1.905865783025145,2.57381623772248,1.34304926790133,1.6414246532660486,1.8113577352231145,,1.8378344312369255
1897,2.871476213107761,3.0310860336933905,1.6736666410066336,0.9836319350710464,2.8060519077121993,1.2221284333762388,2.5380357337161628,2.6654942050691135,2.4686702677553085,1.3587161042255775,1.2499693572974886,2.971195494308615,1.909846173785076,1.8200417026077824,1.5746005097490496,1.2497996802422793,2.694306835344021,2.582868339506289,1.9804214561400286,2.755807469822288,1.4220189792873938,1.723269707997254,1.9124759856470628,,1.838142545962605
1898,3.233897196820126,3.179675794079765,1.6756320055233807,1.0144923677629705,2.7587578597926377,1.3633733020666134,2.6287037352483567,2.6545272119086403,2.6360400030652356,1.403839133033366,1.3166413499396883,3.0625724554800566,2.045723799415007,1.8419010621021032,1.5729311226147846,1.45040352331349,2.7011673576231954,2.5996226838948546,1.9675617012880613,2.7288973015706803,1.461832659888572,1.7573489269391935,1.895293546579842,,1.9056854914932995
1899,3.1503871541688,3.215363133768055,1.6806802526038458,1.0969524105213344,2.7938426233117646,1.3646615905700914,2.576863347322125,2.701672988137917,2.659934166074739,1.3577355734204146,1.3535317352899596,3.124068857806265,2.0714454983354154,1.861670808249888,1.5777074523661767,1.3156712193984599,2.4626134751191366,2.6033152961010755,1.996123584135159,2.7606375987662535,1.509363868451882,1.8153181449883609,1.9742252692699953,,1.90638435856243
1900,3.253650478468583,3.2129281125960247,1.6904317304342726,1.1435530785563606,2.7436806799560585,1.3147629912568604,2.5234161522925533,2.735508450744092,2.688061368049985,1.4139146349970604,1.3617898490963283,3.0653209987762655,1.8342137833573955,1.87815996701615,1.6115630671419732,1.3514767970614405,2.3685963528469873,2.5727842960744165,1.9571294943119006,2.8375518147252023,1.5789504634289724,1.8054544990535246,1.945313964391093,,1.8996016385481398
1901,3.078957678879198,3.261285603384626,1.675470797623332,1.225295167757487,2.6381343839949096,1.4114680863691664,2.565816232772074,2.7850753943628668,2.829956853343506,1.399580652573073,1.2937929100100474,3.0353464126506546,1.7491873605472408,1.8923735556700116,1.6347975682245632,1.3783536038465198,2.550352269422791,2.5854542292370097,1.9906373613322372,2.954797819909211,1.5386236129527462,1.816235917651498,2.033805434836953,,1.9009096417566167
1902,3.0561644035430087,3.2518036181015355,1.674231858338022,1.330250335307284,2.6350901510463203,1.4680704641119329,2.5894304703232796,2.789294379428883,2.7137446750963985,1.3622766832519522,1.2780102649699343,3.0842365644341068,2.2308499922055485,1.9070060448831887,1.6752157941715315,1.2874790128928013,2.3532470340654625,2.6674015767519843,2.0089809761859314,2.925035559208561,1.5337599979304277,1.802264665713574,2.0374693265469053,,1.9210906445606042
1903,3.2722345418629435,3.229995347314299,1.6838304003788171,1.3524906151918152,2.543138747478752,1.3087880112379506,2.6456883353329084,2.8935650200994725,2.6995166436998086,1.4309519856286872,1.3169335908747204,3.021853103326095,2.16617747325032,1.9173809544057583,1.6944057946708713,1.3555433817473714,2.588648909843227,2.6844805716947695,1.9940678124698774,3.0573992040114812,1.5398674703275932,1.877299831671931,1.9860127993557601,,1.9549154710619396
1904,3.352429933565268,3.232012682052679,1.694917958506375,1.3502150035077005,2.645204898723749,1.4388381188636459,2.685355114901222,2.889611984506451,2.662220908277102,1.4659859746631376,1.3400085582397119,3.027865674184556,2.269827951258588,1.930705917742448,1.7176577257790457,1.3464234184476307,2.6116777091469325,2.6647314829675937,2.005841731019904,3.1572093299731154,1.5018128008262854,1.914383100608529,2.0080910080877947,,1.9821817941010036
1905,3.3595715694496917,3.3669765455563465,1.7117995932329926,1.4843772809666698,2.669474470367759,1.404317680818833,2.7579348590504695,2.8792539270639144,2.597941352140489,1.4605426841577491,1.3742182395542424,3.0551827612624476,2.3117787554769555,1.9443089502646915,1.750597642556016,1.3113283957491981,2.8613216214720785,2.7103011372130377,2.0125095064163405,3.1217088422128545,1.4882674444769264,1.9006048240075741,2.124425122043109,,2.0251735259386545
1906,3.505180956445361,3.432997631965924,1.7171416421238455,1.6054987950585966,2.887948237320592,1.5009566694604988,2.7135976093470986,2.907498232743464,2.7074848473372426,1.4922462933400746,1.352785081691607,3.0886559233029383,2.268507038557428,1.9573841191534578,1.7993610860293623,1.4613823235396741,2.795594489516707,2.767856364708181,2.070031948665919,3.304399632674473,1.4860985934783628,2.016292049177412,2.0855191210460284,,2.0279053356698435
1907,3.514190588188651,3.5957182841545423,1.7226688832988013,1.667052390920004,2.8364003494846806,1.5913396668261988,2.75049582130977,2.950124867736689,2.768392120179038,1.5108167159669066,1.4574729306147343,3.114101251222103,2.285347651242421,1.9714857376900867,1.816186680695424,1.4822643324533091,2.8922512300602503,2.733960033348252,2.1269186694992097,3.4730898043496556,1.5073849153962127,2.1137942139639123,2.0568134620482614,,2.084201268060784
1908,3.4788365398757137,3.5529581899742277,1.7222651797166226,1.5533449374147479,2.7146166771097353,1.701682040760554,2.8505191399728393,2.981759057389154,2.848504039337948,1.5115168466050761,1.451656671735625,3.050663122096616,2.2584925337824204,1.9897898667543137,1.8166361337070687,1.466716491453239,2.8304654572870076,2.7051351622465067,2.1522915758566294,3.458494479028367,1.4706722132131267,2.0720729063484744,1.9636121957296553,,2.115502654101214
1909,3.6396198126379073,3.485405654913108,1.7351061008932032,1.686496708785252,2.7826326149847236,1.6142765321961947,2.8517502508222137,3.044448871700896,2.86842956635146,1.5629945501914002,1.4955626874416246,3.09483719217067,2.2878781254496716,2.004968711617187,1.833979541626418,1.4413371987262982,2.874910649346103,2.772993471461839,2.1618472086408125,3.2095481808118094,1.4619509411360532,2.069447747676723,2.096685811015445,,2.138829224666777
1910,3.7344021329877184,3.475287184835937,1.773155958384034,1.7956821459499401,2.8212177289268543,1.7445223254988151,2.8595851263839696,3.0860151721006144,2.7383280729261013,1.5757166835063185,1.4246202922431042,3.0995471650165065,2.2639313583763108,2.0304015300944522,1.837445746859995,1.4390360594504226,2.845416955949301,2.873065923178021,2.2190197535412457,3.2687188704956873,1.4855237718660066,2.152166656165485,2.078315989720233,,2.1240497965416223
1911,3.6904230916524163,3.588275331537297,1.8295226999640415,1.870979575173938,2.8273065430269484,1.7102347472434762,2.929216539166027,3.1987336216818614,2.9238621317284896,1.5868233607679954,1.561938564315652,3.1267158659177263,2.817547567375092,2.055999976385853,1.849050324307635,1.4830003026067085,2.8319862323817273,2.939392754404328,2.259689829075951,3.5354573962343134,1.5055023541230488,2.1813232982155815,2.097546198686183,,2.2220239549901684
1912,3.6246153192607906,3.7683538919157886,1.8693670408397813,1.9424116552203163,2.807998358807517,1.7772075081149838,2.9550185698586136,3.147571804330081,2.863114333164944,1.6535406215599349,1.686148803674476,3.155289870932697,2.707150806548127,2.0911118580968173,1.8408979513748527,1.4876988908636275,2.83957101133801,2.9878046225882953,2.3084898499747077,3.6696506619120557,1.5232588552286968,2.2518856812930306,2.147486547460534,,2.267586107109752
1913,3.680403926438677,3.740291900973477,1.8867633794819876,1.98064347958665,2.7233540170344717,1.7479803112580061,3.0428853734446233,3.2102963659717716,2.9320450772924156,1.7111064606000133,1.6675933702952594,3.222743055089167,1.6043715635842155,2.129371976340801,1.8943445211916254,1.4810598659548926,2.868649222252637,3.0585982972800885,2.377409902076302,3.6287321836320943,1.5116883270515649,2.3317496538605047,2.1918091667240085,,2.2792652171381875
1914,3.497505516655659,3.3747503567885127,1.416754690118629,1.8305026703958343,2.6994682015724725,1.617451009989454,2.855145451823439,3.363395850086475,2.8517648781760885,1.6464590691303225,1.3871567782040473,3.2519517871148658,2.039677936739258,2.1634466634906873,1.7698791682433996,1.4099212591398336,2.909965102928008,2.9776157820718328,2.4430214484803017,3.7262226519397905,1.5111065125377825,2.354296929460957,2.053015816002348,,2.097824149250917
1915,3.4431598998484603,3.548900451377986,1.2024669108611177,1.9525572089425278,2.7106162603857387,1.56951219954783,2.5839879042444105,3.0856819032519507,2.8708283834155295,1.5714172247151064,1.1870535564279443,3.421273536218932,1.546106999076167,2.1893555135632177,1.708124506478841,1.5130431571433594,2.9732402770621955,3.1153324650213263,2.5026618056354195,3.834788396611107,1.4705770796379425,2.2884558302745415,2.122167487149922,,1.9272885429475255
1916,3.449982043501798,3.253111031854583,1.409003505690015,2.173166915048828,2.667786897654612,1.7109175859011287,2.721882240819495,3.1632511785359974,2.9864798648744815,1.5966372594325569,1.338513511504759,3.4532974488296904,1.3126766202982356,2.2146449412080367,1.853314278347579,1.7238952171183386,3.046308864234776,3.270840061509176,2.537894864751888,3.8759518057855744,1.475429574869979,2.328496638608235,2.4056870087184636,,2.0294457330937057
1917,3.4210126015953017,2.852535377659693,1.234694646112976,2.289969685359504,2.319375121779819,1.8161410670071316,2.4203009604575234,2.933582507297801,2.9369922749200366,1.3858853502025203,1.306464566472209,3.459217519460878,1.1457677026582715,2.2351030270488774,1.8911158805736967,1.7575110136668044,3.115822863052509,3.1519241724532017,2.3082311317111723,3.657714219297506,1.4503727498318155,2.0996376634448484,2.4082574383536084,,1.9032613172618928
1918,3.3285803239537497,2.5559820692465802,1.2145440259128093,2.1708483324737404,2.2797140587692,1.8695794397374206,2.3950152814440657,2.7988347489654717,2.9221135695066076,1.2293161560268329,1.0986662781113183,3.456484318377369,2.015528407232288,2.2604600890495954,1.9845657110081423,1.7439584474989447,3.1778561016086724,3.0243871036435364,2.207187380340683,3.425390686346018,1.4030345851083752,2.15382315615551,2.673891042100062,,1.8671054788219315
1919,3.4718915736806486,2.6109868611292937,1.5805920454866846,2.0388714908407057,2.424421988230598,1.6523977188010996,2.236092343069708,3.293600255842773,2.9305558332768147,1.4592248885141674,1.22043226326489,3.1865524784768327,1.8636159640730134,2.294633931450994,2.0763902057528334,1.8901621890675602,3.2392473961385364,3.8451641680667645,2.5098989154893725,3.345271453389046,1.4421064776084505,2.2201585303563247,2.8279636019426944,,1.9134317171946582
1920,3.494868177232911,2.873529301016052,2.4916472383078414,2.0461400228158335,2.5697591390387116,1.7921486775914988,2.4869386312781225,3.5854650523758402,3.1274616637485417,1.5831315975422033,1.338164602578803,3.255813539191117,2.0927137808989973,2.327479995611889,2.0920354682843927,1.736662885222557,3.2840153638986718,4.013031022846939,2.6356776883754787,3.551179791248724,1.5084470674808834,2.57647633588363,2.6726440630083195,,2.092976609351806
1921,3.5757822501932948,3.106449186597135,2.5573886070794734,1.8159604381115497,2.4997189398201316,1.776486069812003,2.6438784834649742,3.3118233239787545,3.174934217572442,1.6724912023196403,1.3312249445269113,3.3415375655201993,2.7645043720059492,2.306956406290091,2.0569173686761655,1.8836094635582195,3.3034911653465975,4.268114805954229,2.460618466408957,3.6262728676369234,1.5830476836331808,2.590917021039284,2.844552478865754,,2.1817958583796435
1922,3.6251504545855417,3.326432927295207,2.666473703451047,2.072419918253646,2.758964438228758,1.762625936908295,2.756939306125887,3.5839010946871914,3.2733849921199845,1.8110494807392017,1.6190837613325373,3.4599302828441454,2.8105446203001234,3.2591974788853135,2.2161536583849593,1.841231049611332,3.331798098978182,4.451561409163242,2.7665736023406486,3.368016247621255,1.7666225245317166,2.6760899283642297,2.6176210938186677,,2.3686414093506984
1923,3.6253520891257063,3.2416800214118786,2.773612509286767,2.185137624647334,2.9242796209159545,2.0007536971283524,2.426939244646856,3.886864774973368,3.2757368878037494,1.9097916473537018,1.7558425979679764,3.4837608084903526,2.8027202005494085,3.4177272453641856,2.4090898961970146,1.8083054143314936,3.43222670226754,4.47467292523106,2.791300265396362,3.2898252382226243,1.8313925384881176,2.6492234243993575,2.8358036635140995,,2.350917845343942
1924,3.7522886184766677,3.62779636819255,2.8385098238943534,2.1994288153237544,3.0423930375851596,2.1188776612302562,2.6387743339627536,3.8265868992613608,3.3241582911244154,1.9642064701172526,2.0150137284723666,3.584397884120007,2.90079328985072,3.431756144239197,2.4079114955579835,2.029843806188767,3.359712586894674,4.680430403684884,2.8419424705276817,3.4369595674815803,1.747839395892097,2.7094425837164358,3.1264846915957336,,2.514641095219403
1925,3.784693541129495,3.796628501754708,2.8363485271062765,2.423422586706276,3.254355998736715,2.159978828804175,2.6833399505515763,3.66807746348468,3.4760704145332504,2.057229326724334,2.091753273443007,3.7106307528501232,3.0253478420636335,3.4494377073577067,2.5032559664656775,2.052479697009018,3.5407228333653062,4.780060022353343,2.987491801450764,3.469366469966883,1.8097057341104779,2.7080007117218567,2.9466974693380297,,2.593989801069831
1926,3.7854098427093215,3.839338854750265,2.8675113107695225,2.5367789886187184,3.3896862598395074,2.1847027100196805,2.8700208884884937,3.819104904438555,3.4101222467456416,2.078739115538952,2.2273292008215178,3.5645534300659563,3.04324512838344,3.4811554830526217,2.495669741111186,2.006155337187422,3.7216914084371653,5.037204478909053,3.060400253202587,3.487753191755166,1.782012141938675,2.7969822828300077,3.13230970019547,,2.69095883234425
1927,3.7248845499118217,3.93254044259055,2.867386221197227,2.7674511964039934,3.528541552271892,2.106596937935668,2.9013659681746096,3.8458420668363624,3.6438924908227293,2.1769004189703587,2.1998869170962134,3.734551927483183,3.061396558698171,3.4393651768390074,2.4145975869007916,1.9753556742570055,3.5325084179955972,5.151612965329673,3.1635191564737153,3.2848850128756673,2.084613386018044,2.829520449268738,3.1108828800691515,,2.719851319014079
1928,3.6985691281012922,4.094951039550829,3.08808868325765,2.9826861313154676,3.6634786722714385,2.3697018135924743,2.953114100665677,3.9219180622408447,3.5912670386527896,2.247490724119881,2.3280456121752153,3.7527568245547895,3.057200443026246,3.505826139694693,2.572786344985091,2.0654361810778425,3.5331216149542493,5.286427806341305,3.1542335373500565,3.2619936860526253,1.870344116603879,2.9367909003127597,3.0901305300435924,,2.810664084922115
1929,3.5957353761429367,4.122750128186701,3.178381145382854,2.940064864492825,3.744493918993389,2.516093904233451,2.900222053923491,4.125671469308153,3.768403066529127,2.281659123621376,2.48786651369365,3.805334785778884,3.156790162890928,3.583516316841876,2.6292938604649096,2.0803426181975055,3.3701409178626243,5.257835047019472,3.3736297190809537,3.498183628577364,2.0560676910729203,2.982768156518464,3.1409402453394217,,2.867388559266799
1930,3.262209638073416,3.9718943205524164,3.2267421787612975,2.825459014436251,3.6872233436772293,2.275022275118086,2.8836228095791347,4.304701927739972,3.559401760793212,2.393307763118308,2.435960443984074,3.7914968457001654,3.001384394166485,3.626377168372824,2.514566488886571,1.8918083713578056,3.1194600285210172,5.120144495661204,3.5952609862207114,3.490603839909247,2.0072248448009504,3.044733394612509,3.0230331310978182,,2.808646801745645
1931,3.254786378370489,3.6276850767105064,3.162422174272915,2.3881796106668647,3.662743310658517,1.7920083413296846,2.738006133244968,4.283729343965559,3.391839158547656,2.441547902580434,2.4201259703076254,3.613688263869776,2.794506586908046,3.673898746805295,2.52117928101479,1.8593580305895345,3.180065660290691,4.820990305305923,3.420262988943873,3.2673266572805737,2.0821098828657605,3.0239515498351035,3.023543673562513,,2.7270829517938404
1932,3.5188715571990468,3.2432518892556974,3.06551538720662,2.228037650884283,3.6773165615193455,1.572220004545976,2.690624975292966,4.1076880692268,3.422643803871532,2.3372736796703806,2.321187640657652,3.706301970618043,2.9613828698353934,3.7334302456570443,2.584770528149604,1.97392101694167,2.6875591467361017,4.9200266426455235,3.5834471117281357,3.006322446871837,2.09926183651905,2.9160226825895452,2.9550778926363974,,2.6935739736896527
1933,3.6287707567787124,3.139044934355423,3.045113899908822,2.0768507767513533,4.084530570684746,1.8774968577323756,2.7242798275049576,4.183891177052888,3.3401762868038145,2.423685467143632,2.3345210994985877,3.812833234810045,3.076578209504209,3.5990685624693253,2.5244432394680847,2.101062630164996,2.9865594170024954,4.871709821853215,3.631883990174185,2.9699714228470167,2.2323365913668765,3.017833566576288,2.8752139437031015,,2.6925526003210134
1934,3.693651012879924,3.885605992440818,2.983790460550781,2.297363519885135,3.932298958686579,2.1287856299524197,2.7850905586901638,4.25184836842829,3.4346280799290825,2.5597765700950013,2.275881197640989,3.9809333200806094,3.070583859698161,3.4517595140857713,2.466650046666928,2.056713365186078,3.170163987277548,4.659664269853882,3.69345479321272,3.273383414500881,2.302621151271956,3.084970419058092,3.188160720437217,,2.7032349492051213
1935,3.8007609510084195,3.697902975353189,3.1232238361536973,2.5001072221153366,3.970093535331996,2.1832728790309335,3.0671722957594714,4.2745646499777665,3.476967182046682,2.5874251850977634,2.234641615201947,4.062158819692931,3.104199089107597,3.4868903204952355,2.490879894287326,2.0568203581631432,3.3598772559045624,4.8548825684342525,3.7472063571151724,3.285763824801468,2.162864493276153,3.214397041335763,3.2766888728820196,,2.791540786093065
1936,3.8690680651533027,3.571730826751453,3.170127823240183,2.6395480133324933,3.987904514415725,2.254872625844134,3.1608953977062213,4.32045094921464,2.7193081203695573,2.6716529046414608,2.245789284406465,4.143055473501789,3.027042245073398,3.5229819307723433,2.371391341101284,2.141698402227006,3.575117645158754,5.081660702933999,3.8576070594660905,3.6400219073212097,1.9643604462537514,3.3337270030209987,3.448945274130352,,2.7530149622701807
1937,3.982996771692925,3.547980583243685,3.303969431517749,2.886451411424559,4.071357084660612,2.450437135234483,3.4235360725569235,4.371492682547731,2.498701696095868,2.6857640034816574,2.5021112791687505,4.162329141939645,3.372789328657832,3.5569099020938406,2.5225550806452928,2.1957594637715894,3.637539180052132,5.185233647417824,3.9422285966572836,4.381787031114956,2.2584582332013543,3.3449659376748477,3.5994373383075975,,2.930677311972172
1938,4.014730813491033,3.787194563262035,3.2796676265608338,3.0108563016576912,4.257128771976016,2.5228374760064303,3.559962461196696,4.431390591638979,2.5033027160381907,2.708022920237109,2.449741599845503,4.105705731133634,3.21323258618634,3.396644315528895,2.5593681404659563,2.2975365661486835,3.6150244847254998,4.946066692682992,3.962479197795202,4.494741300810581,2.234533583155648,3.4115065429480107,3.9132122269110536,,2.970432976466142
1939,3.983172107133569,4.110606114263786,3.144472946518578,3.1752775556928463,4.148597104693701,2.480399880791518,3.889758310247984,4.5835835243758964,2.7083866332035527,2.6730986058937827,2.534284470708691,3.902386019620717,3.1144220446882445,3.4494809646412254,2.6958416817371775,2.5782567078753647,3.774550255605246,5.073047695061094,3.994138205659496,4.752547738573661,2.225202326543321,3.508700098335523,3.877987277111027,,3.1669078327791005
1940,4.184719094414204,3.9287035743018066,2.579756463545425,3.533314358822338,4.116669350056259,2.5657209085294697,4.0162218604073665,3.9223204945874457,3.0220784346835377,2.4108686740507674,1.9618897079753872,3.750853229394482,2.608587470901808,3.427930490734121,2.7135503542681887,2.5782382272420357,3.7854622693011235,4.317746500407426,3.5958707300104455,4.948836489311073,2.049062624151067,3.357964771413953,4.024888470211239,,3.1034015984200773
1941,4.562590503032677,4.263940081460246,2.208369802520524,4.002327480567959,4.10297025698709,2.513160713900666,4.546616450623221,3.4840139871998894,2.9434462199260394,2.4833997043797154,1.8472036824512545,3.9710463653663846,2.2109744321766134,3.4269027602476623,2.7618841920509976,2.6228810781919885,3.9648713630265533,4.0039315444242245,3.607209795929834,5.063179059412063,2.203063696405914,3.410914527554685,4.343471508398873,,3.289053871014516
1942,5.069633222625437,4.023487622504834,2.2529104280639847,4.700544389970498,3.998975605457396,2.5931249840421766,4.569158037485854,3.542968216729661,3.060983573874283,2.500311304278795,1.8660495888793938,3.817129544043963,1.8722797380094138,3.353804436596728,2.605317796197109,2.6206000559500406,4.106323480749629,3.6230580392849387,3.5016936650068327,5.274615499406977,2.139905022417192,3.4198642799861627,4.751978345930658,,3.2886796292363125
1943,5.3405079487603295,4.1989817289143305,1.8116001534427164,4.941266290046521,3.9540963217264276,2.630941424737006,4.820472819149882,3.909017402436032,3.11760560997333,2.71674235184685,1.8586692549111279,3.8370382121176108,1.5852684996469582,3.2992800547787655,2.2083270148521543,2.6829799354329795,4.139676271376762,3.5016610230903695,3.453632090828896,5.866356372725853,2.2380898244478318,3.561224952072507,4.932424517548606,,3.3248001149749826
1944,5.174018546432434,3.9661373965678948,1.8686531521449234,5.161996642383039,4.057691571585424,2.648490470692882,4.817919407763083,4.484635419337565,3.215050580995682,2.633910105661736,1.330907980496572,4.070900575002516,1.3424395706777799,3.265110868872713,1.7924908024801411,2.58572755928362,4.345700809544745,2.3762131403931663,3.303329624329277,6.289633300027344,2.3305775884652973,3.628903824948638,5.551570817457357,,3.0654244516695845
1945,4.895527890374036,1.823431685224208,2.039350190178664,5.106709285045305,5.232801859709345,2.8558517629616103,1.7811218387347516,4.126473037429561,2.945316135843517,2.6056992850262697,1.6196039503429964,4.312125639507607,1.1276363487728396,3.243935623256649,1.629886165654416,1.2818534771001324,4.324922816057847,2.463509079384723,3.754103445538585,6.1098046914604085,2.199335257955143,3.6359850281573696,5.6670584426253905,,1.8740498527834955
1946,4.5844576114642885,2.0717680713055024,3.25193062836239,5.08785824709205,5.567242291399508,3.0046478512993886,1.891107866025777,4.748956052844378,3.0297920856153544,2.7351327849786227,2.1316220271364834,4.554759177370672,1.6593651597772998,3.176579046983178,2.228252866638383,1.5337915187130362,4.420175920817457,4.2844305988800135,3.9464169470283665,6.097773042206621,2.3267664260216825,3.9641903693103027,5.063009483585175,,2.30404371909234
1947,4.532034272109828,2.3091237972960963,3.5796507593067557,5.268717331301808,6.216423492812032,2.773809397633055,2.3160473408411866,4.971376827723465,3.0305559998186746,2.776452147833034,2.218793529225389,4.708930912355592,2.091364277279617,3.184646201206117,2.636938075093182,1.6443574432330677,4.363462530099496,4.897527961597679,4.347098169880371,5.909576513456866,2.4625792239196813,4.147340427675633,5.011582653434872,,2.5905092003569536
1948,4.784259607008143,2.965933706168994,3.757348506608635,5.314736097173452,6.330484640637283,3.0844388616595975,2.6312011672999933,5.041076160138448,2.9861885853505328,2.8267043992477765,2.49622721933966,4.767587188600498,2.083405202109116,3.1900735340195654,2.79354191696469,1.8254094586472727,4.34651267553152,5.278098320897436,4.529348457213992,5.8764508034283764,2.3972931733524865,4.125222022805927,5.2322843251697675,,2.8124758558677616
1949,4.953643070371202,3.5601463597224723,3.9019643965819473,5.346150223161288,6.175181107007201,3.0364913211222695,2.894465362656136,5.28793260539303,2.9006494092451542,3.018736192218841,2.6866749282771623,4.8877811331387635,2.141038946029454,3.2626198296122912,3.030394466848659,1.882409224303331,4.438051569126514,5.656325435326571,4.543192068044555,5.431828654812253,2.388041082930189,4.169169058230729,5.227654425587186,,3.010620734941338
1950,5.158443544699586,4.043446033358998,3.989726233935071,5.640391669763921,6.45369502201158,2.7063422977329954,2.9881429307276806,5.592723356737728,2.9199442511195364,3.0544016261404145,2.9068197821526756,4.750391462876543,2.2206734093329854,3.3463591537691686,3.448100652899409,1.9591528907831228,4.725241186194146,5.754605386576586,4.584752152875359,5.523052920474313,2.401132776510301,4.4124207299914255,5.647209115439742,,3.1915842282024958
1951,5.315658701792968,4.234944190597542,4.18983238020054,5.888189165969925,6.807279045114596,2.8187187186788916,3.215429222714862,5.507476373345978,3.175427204908922,3.2414816251088086,3.0264872621930987,4.804065677578195,2.30984408883873,3.38324531437393,3.709970252075324,2.1618144977552856,4.948927824473416,5.791720075387996,4.789066171963117,6.3031116580996995,2.473250989841835,4.501619686808003,5.864012261232922,,3.382600300313127
1952,5.288006345773565,4.260330790237352,4.17744996082228,6.249875374651027,6.758442751349838,2.971828407587749,3.45475597866637,5.5293413112599366,3.407470849529843,3.271814746874744,3.1066491900072997,4.874644947210865,2.227967032554571,3.451250315825147,3.7982732729514295,2.361734997007359,4.986042169881124,5.871499498736781,4.929853370734449,5.783055789216192,2.445583402072914,4.5247244757004035,5.998819091064859,,3.5152421898914805
1953,5.367520607007943,4.442673893525309,4.345183110805995,6.44050723822641,6.943575396303953,3.1159680557653946,3.671688795427867,5.683225638159584,3.357511622377452,3.2143639426887565,3.228912861206986,5.070669445220958,2.428458879985549,3.530134545505091,3.972084209088593,2.47424479129369,4.846848738057148,6.260385803770935,5.085950058204591,5.692866294354801,2.580078155074059,4.662183015379251,6.15464591672364,,3.676064195707418
1954,5.625316076253386,4.773319557537182,4.511138748959333,6.2945015265726285,7.254905748487894,3.062767755727508,3.835390684616617,5.683183844223457,3.542157135720168,3.40996511335867,3.384301936501876,5.176062761287306,2.3951764567453506,3.6114763794349303,4.002029403151499,2.509086827824355,5.189150800180599,6.49758707729017,5.281658681568572,5.7392341040003325,2.6616184501351894,4.846860708424892,6.159089801149006,,3.818593969258677
1955,5.847535946168405,5.091288445616911,4.639804391507483,6.802035428444765,7.602217795081479,3.0716304781208206,4.1573816640760155,5.684204715635716,3.6301722752270766,3.5212109051411895,3.5521330798309414,5.275117239643116,2.460524240740764,3.620625308126817,4.187613360252643,2.587020271580353,5.479539155690465,6.815267591249766,5.341087273916952,6.02450881606969,2.7311070621161826,4.940098348802992,6.361422325119706,,4.0366908624328595
1956,5.946402277984402,5.214699791414246,4.777989145242549,7.0376334644546095,7.903659884713536,3.065806778535226,4.3399694366657915,5.725653050435495,3.842391480693528,3.5348666663760726,3.7643634121176324,5.280719528034449,2.5448947945730556,3.70074460503475,4.277868839573556,2.6411410802032567,5.681849860318795,6.899203981175968,5.565763096686418,6.118050774022021,2.8069589261106738,5.0811689361776375,6.3183723848542375,,4.20130040755896
1957,5.952963620688697,5.358608569879403,4.843341124754347,6.999705023322059,8.030204339359061,3.272907931750132,4.455832387381938,6.102455413576845,3.8760265033458916,3.5867447126570475,3.9696618578127256,5.329378333851925,2.651227288056754,3.7161837104209146,4.404902705274127,2.696925373545718,5.9175611369756105,6.965135165982649,5.681499387934618,6.100152180855912,2.942006411708316,5.079784468951004,6.42982053878574,,4.328938203819151
1958,6.1387842067352345,5.440657144410916,4.772115030628277,7.027603787358288,7.846960722122319,3.2807710193230473,4.555359821648093,6.170177917901495,3.9594237011867235,3.503688113001497,4.07089726631406,5.400581590201182,2.710499204991541,3.7131401504139445,4.5335790664309155,2.7512777578416294,6.028454982750339,6.89374324892804,5.674671573756157,6.274912567082864,2.8741788323983077,5.138717005536006,6.448772821661416,,4.411752580133832
1959,6.407435739830965,5.474322726134245,4.913240200829482,7.03234708296862,8.302247452216971,3.236838062217451,4.814501769508892,6.485877320250314,3.851472980945648,3.7350385906952117,4.164506564741592,5.500997573282136,2.746999784063024,3.6710257218379407,4.704610924086646,2.8895845681708834,6.031331298911833,7.116682301199289,5.849951525119645,6.3354369192727,2.9763393440793933,5.3295467700793315,6.688620673687403,,4.568105648931337
1960,6.399968077594156,5.772831648352865,5.033504455791625,7.076142900005555,8.65700561258331,3.3854270271732023,5.114375729312825,6.50807288626595,3.881896785208582,3.9231569641772355,4.435666187653964,5.703531565264116,2.8054025196814574,3.8142692360010915,4.913751548317058,3.112651325681351,6.340756202279125,7.537017678967871,6.088374375503644,6.481289619178121,3.1148712620424432,5.388539208415966,6.727265286905831,,4.8121756925358055
1961,6.404144790282967,5.98039849927607,5.213130082371702,7.164262377360867,8.952963793207578,3.472033413720245,5.212245167115542,6.704405111001229,4.34115144749729,4.108174962934158,4.639813970529533,5.777618029654713,3.133225286594271,4.048210001458479,5.191230467559222,3.3429122237802287,6.344173789796964,7.320202180081032,6.394285955625137,6.6756637974002535,3.2512105882043896,5.567602206953506,6.862483188984697,,5.011424863622836
1962,6.624071000202215,6.058611148797285,5.380619321050219,7.451622305877171,9.002275798140419,3.568450476489849,5.379507414025379,6.832980378671024,4.7599045618849845,4.141868258835024,4.854314244151767,5.776160157005559,3.126638666423726,4.23842048479311,5.509183538662961,3.498429106610941,6.3947296153272,7.5462687170765745,6.516084820229744,6.736663411594142,3.4181504554468276,5.722126506319182,7.090483085554585,,5.240637315069353
1963,6.875625588817338,6.249280746975509,5.532885838305256,7.669309250606232,9.192255274687792,3.715704685661592,5.467076619936136,6.657569731072972,5.165762134219437,4.214058780533006,5.062591857225715,5.966041351044152,3.4873810910771814,4.3447175526702715,5.781981615049685,3.640430582067065,6.631230628682285,7.584046787886221,6.715096022969652,6.761430153566539,3.571038124096406,5.928811004204278,7.214457599039769,,5.437990685546751
1964,7.023423279446901,6.55395238435309,5.79920710135224,7.898023841467914,9.41375964159111,3.7039628625061054,5.691515072323013,7.025405827447535,5.634439052045421,4.289654383750676,5.2536055728545135,6.15255936599129,3.8159862714767048,4.494437356338988,5.892390256101928,3.8734608120955865,7.064882996049753,7.952141510282646,6.91643956806094,6.959637502900033,3.770733902369977,6.303526332574848,7.42602292426876,,5.676572808726026
1965,6.9502435011862795,6.720907271648521,5.9055038275315646,8.10725258182468,9.596687505754776,3.6544286167831594,5.8686281785136485,7.068684806876309,5.859383032896463,4.441848917708946,5.424997049003622,6.1791569126323775,4.196831509009408,4.631849024615353,6.238236111087922,3.9354914743201994,7.210575333247987,8.122079964825263,7.298405440929897,7.1370478272858335,4.013423095250336,6.413631376147211,7.659810148866823,,5.897808820393522
1966,7.116412229844476,7.038104525115277,5.946697963046221,8.247024818349859,9.715215305947432,3.9914096957657197,5.982220382107603,6.992096398004313,6.097804989122988,4.500617815941654,5.612436212662875,6.262167051435552,4.432475909099178,4.6808359598259885,6.546474443864547,4.149579500262889,7.344337963415667,8.105963934549928,7.459144835938412,7.303386142127002,4.139909305681866,6.4290325240197985,7.951506694388064,,6.0770003085688735
1967,7.227875016359753,7.248257244038719,6.056705811730148,8.227251800922684,9.845021231613497,4.051126352094888,6.087035677330657,7.32395340774039,6.302461724609845,4.619575513392679,5.853416535232198,6.447992654076896,4.655846746522335,4.713744394952493,6.802076949784856,4.390272749521842,7.4586892376662,8.342504886790385,7.822873252117101,7.352078122227809,4.397769447311114,6.6551006227429506,8.01798847378799,,6.269515156522237
1968,7.505047095481994,7.5623170926226875,6.216889239569019,8.510111518791858,10.032115357949703,4.125477237147915,6.36774634022841,7.669109955348824,6.564723929761996,4.7438902478513425,6.075505437630972,6.75346412916059,4.972169563682558,4.941735853838794,7.172836563837623,4.693243622680677,7.6597686660306525,8.604265868085433,7.988675376389611,7.296068052875628,4.731014138928551,6.841369943043834,8.225834698734964,,6.558057162694773
1969,7.773219886646105,7.959587812081821,6.4809621320669635,8.674096813863834,10.351928035750408,4.20969342607618,6.7163276501493865,8.037072798928055,6.95163386660459,5.127788941472213,6.50469179203628,6.806212462547084,5.466106177863988,5.299246632580945,7.538310183817426,5.0917507995214235,7.759740919965023,8.700579596882752,8.360152794402985,7.277676307507286,4.780530293043279,7.071822384775071,8.239182945993942,,6.925944547612968
1970,7.757518804359641,8.565957372310557,6.973743097955471,8.793390952175354,10.7660180416022,4.245239660417986,6.887669368352783,7.9935745119656465,7.092498772179507,5.362392680225713,6.7743826871204105,7.025552035486728,5.907139915794353,5.628614335556006,7.84976812281276,5.4098060751590005,7.906447294222837,9.105963901590657,8.40515196053991,7.437402298622397,4.996816154890532,7.350446569788709,8.198274432896309,,7.194538083918438
1971,7.855545367404975,8.860232480526662,7.140148801626549,8.919507811699967,10.965926892642397,4.46373511996793,7.031790497160066,8.131245848929876,7.230878675628237,5.482722774821826,7.005852543488468,7.307378680589866,6.236443623489227,5.726014853745403,7.950946670442482,5.442060101290954,7.745274788961537,9.36819645097418,8.571764102413706,7.5821706390485435,5.259758338714991,7.395579075367707,8.37529313874267,,7.369834654885278
1972,7.910286625000142,9.113556091240246,7.523157862865737,9.116522200601251,11.146039506380566,4.244254123865923,7.2924688939604865,8.449151553040496,7.653208344886972,5.869460136823235,7.313370398379044,7.620330143942367,6.707882845534938,6.0913015494139735,8.21574217891473,5.7048166103660405,7.916182413107475,9.477993425607632,8.749259426257012,7.842356500509547,5.602003715086226,7.583569461626814,8.529869513719685,,7.673895634584292
1973,7.992939279667136,9.334047399726256,7.936911217538779,9.300608799465444,11.359411261190202,3.942332405602665,7.559495042494128,8.702592771449355,7.928600071999088,6.1361400471818675,7.626861566012998,7.722376318742261,7.015138499455151,6.250504239676444,8.621985357693594,5.920223226101527,8.06866477327086,9.932715487543787,9.062157257241342,8.168744866533599,6.133231295535965,7.813215422392069,8.694578401355171,,7.87203384468653
1974,7.818918070411154,9.270940710592955,8.173435457097934,9.220156199660876,11.501093687797711,4.039450601617067,7.681501614029312,8.590858806033955,8.138482613544472,6.12250663198224,7.876245989252972,7.519744871136048,6.396069602858603,6.428910368657934,8.890000433197402,5.791874528618487,8.0337630027947,10.378056832352119,9.352418642836525,8.280397241711928,5.6078146566274745,7.91147498643926,8.53454488279436,,8.040900172439494
1975,7.993428127446011,9.471631519761461,8.07134279687875,9.171547302355277,10.949218810464162,3.5771674543466903,7.798889910510712,8.67028806482824,8.085253243145479,6.3233289630579055,7.802563494497085,7.352854272906512,6.726081912152474,6.773394586787122,8.561266330134506,5.87869480689101,7.927616213817785,10.486999155307378,9.551640910695651,7.9101225359239,5.235887643176709,7.966997826181113,8.577359180493838,,8.018625134442498
1976,8.078719150911784,9.780773089778815,8.461661786791897,9.281757544734473,10.959337785593876,3.6538757682198137,8.11607359176064,9.124496765395993,8.274315007504002,6.154581875401335,7.915176345967937,7.577967524380308,7.03268487604924,6.860927023328738,8.995911000786409,5.905815208793243,7.821492279164755,10.91979309442463,9.850640696082907,7.785372985690475,5.477138609190722,7.903722605567721,8.765704919710783,,8.306105849611376
1977,7.998998550586824,9.992380501656726,8.532235091516943,9.443445282470195,11.25661245413116,3.8996544712315337,8.372682839109824,9.238579711235282,8.34421106805255,6.209291476140537,8.156201997225368,7.7372093408048865,7.099939140985244,7.257529273534366,9.160463080443739,5.976566593617244,7.678254356927373,11.035905902858214,10.10242638165865,7.326249981260891,5.751752405702111,7.784893739816948,8.864077807010196,,8.503411941827066
1978,8.237391868555076,9.959953294721853,8.74317639846782,9.443358899339023,11.236050200556637,4.200691534652651,8.564314771950949,9.401752126871541,8.498530625538752,6.377386630742155,8.460956203606758,8.01109442406037,7.468540856069895,7.680852984276494,9.345663680698742,6.125857835679675,7.890839378684451,11.222712625908269,10.361737787053352,7.336031350180663,5.874487071193953,7.979796743733169,9.027335707912217,,8.720322309623775
1979,8.252405969063702,10.130701718679411,8.86133271339101,9.355197881813279,11.422196452663286,4.489353898963973,8.788665211881888,9.397175652532963,8.598235554507083,6.717472907214608,8.657174822182814,8.169836549464257,7.514797194429566,7.59265675830073,9.738349515397353,6.267410759353464,8.090702384155835,11.339558573006151,10.71891532959094,7.407578444466398,6.077812921670775,8.181866853805394,9.046395900277384,,8.95004598315967
1980,8.273175144463186,10.092258474316843,9.257743850302939,9.27472153836505,11.75158849987042,4.640961193416127,8.821357370844707,9.118050829520767,8.889146620300888,6.919447859412101,8.719110965710174,8.098207926711916,7.362050293842508,7.832621312837672,9.857019598086211,6.281123209841861,8.196762556069366,11.384056024298525,11.01662697564766,7.4799636144823864,6.197385945735171,8.1934383848588,8.964576284512866,,9.057267198470234
1981,8.364526586281556,10.118282516988927,9.36683812359391,9.318968901361787,11.744006997060126,4.7891310207174,8.905069393770933,9.382538543587177,9.060684135119446,6.90798859603017,8.81716060499874,8.394121743225393,6.934393565005744,8.062087977142932,9.78675992371826,6.423294845796864,8.49093765938179,11.05623304523461,10.99764972942678,7.843854027176378,6.278094882714519,8.2250374608757,9.058893536014795,,9.089346001652624
1982,8.152998948439866,9.902207764354527,9.524526278856861,9.156789665732047,11.51269223042216,4.254401202267337,8.935546465719591,9.642708001036649,9.218259600654676,7.026959629050376,9.200551675982801,8.570240218148909,6.847548974462292,8.141882986044246,9.698620914866954,6.4815053800840765,8.019580971229747,11.0260196678284,10.933578173860134,7.827147897618936,6.3377290327914775,8.221118494739596,8.909378065059629,,9.178424273843587
1983,8.598973253362534,10.175969459122093,9.555338559224534,9.26496865735381,11.581676375850165,4.009909301867313,9.150869624272497,9.78821191870856,9.4271660955383,7.176462623758893,9.307139581746144,9.007224348773779,6.716092045587104,8.061715685180507,9.679073712444135,6.549049130356003,7.505585570753006,11.3730311821923,11.280752110984622,8.146593278947492,6.056301603685471,8.281663930508573,9.106420509786425,,9.303371491412603
1984,8.702363866304646,9.928210208150285,9.667562094988869,9.488931245653184,11.86120897089482,4.122150952787702,9.371796305554492,9.961666478640733,9.862342958349714,7.297341136536975,9.456454507421336,8.946492853558286,6.963773815199846,8.473232377601091,9.917204118660376,6.688421764269547,7.477539237489219,11.666882791940344,11.72791740428468,8.40188102066949,5.954783544942687,8.520142020323767,9.364140273651639,,9.51943580128479
1985,8.795417256151401,10.099710053283435,9.724648810472907,9.610168088427129,12.071378315812533,4.037074485583415,9.570990401933724,10.181106320677046,10.143994582733212,7.453894898040406,9.711955126766274,9.022441636205217,6.948735873568999,8.667642170620708,10.09292908830846,6.939310385805272,7.350729949717099,11.764870260909309,12.079622880573885,8.324979149987575,6.119714483350288,8.557346962440128,9.53569600865423,,9.71453921391532
1986,8.670054583798553,10.135947822943594,9.895413503954117,9.486361488036914,12.057271032571915,4.0923880874602485,9.734214616203303,10.282396462960092,10.30261584829678,7.652292514562405,9.860525382981104,9.184961887239334,6.95558465334146,8.466531652643445,10.204991725560815,7.020034108653615,6.84277759379782,12.05313150537747,12.171815188119306,6.973856375653937,6.352846539336065,8.765871281576345,9.65261165817963,,9.861340933536091
1987,8.900600523771683,10.180902217688994,10.105792313048212,9.52630615996454,11.951647410620707,4.220491453073384,9.849234094913488,10.424562993223585,10.455644242020442,7.851661765664978,9.97162282704802,9.54631516293582,6.8607235758458955,8.81242507398116,10.388942303387488,7.199461246800362,6.7484168280632435,11.286717289510227,12.251186907680783,7.020908817247561,6.559296972435589,8.880500017519058,9.682687252753192,,9.96074652364778
1988,8.928954120005184,10.371026511369717,10.475211595588966,9.612256294648457,12.026528944786723,4.311819696667672,9.824126111896906,10.282226813479191,10.604001819858052,8.156709825103462,10.266509868036525,9.595207430550284,7.068905092934023,9.186545533441242,10.610963726790898,7.4915887043734335,6.614567983469301,11.539060557368218,12.128880639004864,7.306888660804411,6.865858424484569,8.870521989714472,9.852534332995244,,10.139329574531647
1989,8.909072182814198,10.524835588118975,10.676284163132419,9.577574904420716,12.277356547263047,4.540934363873043,10.15925004472108,10.485651500878143,10.76699901148744,8.305286370098017,10.586694877057957,9.565473746971252,7.1836461039440325,9.633930546054842,10.908838286491465,7.674449529509017,6.6579224318861305,11.812325646800515,12.433144563088861,7.490332554077718,7.061154732667907,8.940018806250215,9.94476221632972,,10.423484977382985
1990,8.73994213382278,10.698370482764915,10.735475672799469,9.439959616882724,12.38202540882789,4.564912414268597,10.276188057265767,10.558975933479473,10.82320849785567,8.343320502381218,10.421930784563942,9.514380409819974,7.135055184896881,10.063322562913239,10.946498578943434,7.907862700193361,6.760332653747333,11.907997680375798,12.737921981690654,7.486855215534151,6.982949544401365,8.877363846800721,10.043947643832118,,10.467984202892035
1991,8.90667532723657,10.806766365847919,10.979835681160282,9.331408511334107,12.008127333402173,4.816846258557219,10.922619302061454,10.712238042774828,10.84042343891331,8.128680912136813,10.460250268293171,9.50802247253244,7.357158488327788,10.296219309663048,10.972426007628213,8.023651523472441,5.98235825116256,11.971255717030575,13.163972683612322,7.46376656876736,7.5085091798844905,8.878075064800361,10.037522311987068,,10.714590085105328
1992,9.162359601453408,10.736520086693359,11.194558231277819,9.40215648386447,11.94459327596423,5.184554140867003,11.08287283813373,10.778498142940014,10.968703048286413,8.227152811825324,10.587544903434761,9.760995458785747,7.229335553649226,10.675438030386072,10.999243579260561,7.99449523578777,6.003799366495795,11.800412160778876,13.518134815631731,7.501862293453406,7.776509165877917,8.921570877982239,10.265219216675062,,10.813215688947087
1993,9.401485365691174,10.615581332109711,11.273828323236867,9.551584139354256,11.937567589338222,5.291579744263204,11.08265494196971,10.94330548406188,11.090792981423153,8.516667112595758,10.576482309477903,10.046736043489673,6.989694893303818,10.8643437419545,11.171471813742128,8.001520446010682,5.98047257581219,11.892933330488678,13.85645659653276,7.699299082758804,7.627730387376333,9.008103096681129,10.322919215561555,,10.851629034580819
1994,9.491356033988016,10.481578164235987,11.584203584166412,9.72918307143632,11.973658851252646,5.496971918739762,11.328029147668781,11.81341083044495,11.275374955032312,8.812918831490068,10.770285008419384,10.264151684326087,7.095103829407007,11.115928577260132,11.47921688667445,8.003925527226174,5.992509988493373,12.04480095881288,14.327147495297295,7.848040891139834,7.630135236441096,9.25911665185898,10.502928800579166,,11.068427356581479
1995,9.578270404393214,10.57757750376422,11.622312908651605,9.797088926010863,12.062273233566781,5.967043260830047,11.434897072452507,11.830178725972642,11.292279955502547,9.007634585918801,10.971189721110965,10.349734338222538,7.223967621272761,11.683597854052588,11.771080471867716,8.177307944777473,5.5471498898878115,12.047605480912923,14.732735039308974,7.9209415342717575,7.754277281764578,9.492843872138996,10.600747121184094,,11.222257912262343
1996,9.776845277492077,10.67818254842374,11.665393883742897,9.76353013921634,12.189419622021491,6.239395359437566,11.544684571973624,12.061930351098653,11.280811697902644,9.228523054893136,11.064290310253922,10.439672512562039,7.353045040565475,12.13452230082936,11.760996813988116,8.307259112693686,5.678371945554002,12.120683377880843,15.13381406745892,7.970056275360114,7.928649186997397,9.611464835234116,10.810268968531183,,11.297862881383677
1997,10.121972422843905,10.739243689361833,11.944542252453788,9.925808160695267,12.464531192239615,6.579853142998958,11.748528711131327,12.10212296959717,11.29702086288561,9.651669994179235,11.223820608141025,10.732243945089392,7.6855446155942335,12.910941963659692,11.898548007826887,8.324404759272083,5.705867298749616,12.325313030809104,15.537117484191493,8.136613012284968,8.119254321612184,9.94050009195219,11.018196854971107,,11.476355485732132
1998,10.377257434091542,11.093478432018129,12.032386504746006,10.06635581980299,12.603200616887364,6.517580363306193,11.795426579071863,12.158504111415743,11.332263875614853,10.030377412965565,11.480412367527977,10.91075275058144,7.72642351583896,12.842010481024762,11.813517966163811,8.258923896081056,5.976655228793289,12.560180598835508,15.559160012535806,8.186128067289017,7.9395558834991515,10.24980987864677,11.30507087018209,,11.56704414684155
1999,10.538477586168858,11.264306518992848,11.943561129904422,10.320980291246242,12.551588243270814,6.456783614740157,12.014023043040867,12.279495809777954,11.230896305388068,10.102116645005186,11.675683571241636,11.147977447179535,7.909940197207627,13.41401918921488,11.841148920114529,8.317947889986556,5.889364895569673,12.853303563507241,15.651371189619043,8.414885640697866,8.055894806925236,10.44788972126686,11.622711662320842,,11.698380611862193
2000,10.479838701546402,11.512044176818524,12.048000507927968,10.604826942406456,12.947619909364489,6.636258234913405,12.380886241057974,12.535005157190371,11.247204983639872,10.529279325068712,11.947711298642108,11.306863173077437,8.078292646867931,13.964641021228106,12.141302707861282,8.464545487009426,6.15205475468434,13.035626320883162,16.05493434256161,8.45448912465767,8.102440280546412,10.84318851872306,11.806986639879176,,11.95631766779404
2001,10.78904828683243,11.671973127798278,12.214807104574186,10.669480244912554,13.106070393125348,6.736724933237264,12.523875315617216,12.504982669734616,11.179345021005501,10.680139190114389,12.047880822823336,11.482412816390358,8.21648821118577,14.153643422452792,12.172582326779507,8.510372109584358,6.104905981129395,13.053871054142483,16.47475004324267,8.605400018874693,8.11016761873212,10.77804611659553,11.898230037788034,,12.03425420071744
2002,10.949244705290845,11.66127014583471,12.239195877118561,10.792731339637571,13.106802453781574,6.7290628059462625,12.55182091122412,12.535896067874795,11.029445588793685,10.798300768597688,12.225716274786075,11.684197675478899,8.416955768221028,14.622715271667092,12.045466563536248,8.580647463136888,5.85802141470022,12.973330024369915,16.689107820042384,8.773151958808645,8.08092938499842,11.06404235296736,12.045047611018045,,12.036646115437549
2003,11.07992311080199,11.654071509929887,12.27671435841647,10.752377836284355,12.970862257268804,6.743022856152515,12.517596320423834,12.607835255601696,10.947993069005662,10.989131568920866,12.433283477259234,11.94965641999341,8.729816839345743,14.675351476694756,11.938246503784397,8.679647011078128,5.96485738702762,13.00420635836008,16.981474612865313,8.946188532207962,8.003691863602539,11.36592254139071,12.259379689710626,,12.039731897626071
2004,11.155719186177446,11.99190749585552,12.559536579514377,10.816782472705244,13.105711190569862,6.98501946173052,12.591254583520895,12.769201521276653,10.922003833600465,11.347206761685301,12.528681072760945,12.117811582794918,9.070544714931636,15.113704233270804,11.912015941813648,8.861134991187798,6.048946979962336,13.069444744091603,17.36148732087961,8.898181516784131,8.098346967712992,11.739815713545003,12.51519511854207,,12.120944650784308
2005,11.06365512242235,12.252828278563083,12.623115929207735,10.995264459412978,13.4304181174115,7.238910067809408,12.58353566061306,12.98637591865873,10.809835517449457,11.512433686371539,12.58660967598957,12.2182592176755,8.818340573882269,15.119262435822936,11.929494003430941,8.986301995202101,5.9825045424349925,13.676335663421272,17.590674303092914,8.964077379230481,8.111946254674388,11.936267051403027,12.706133955899801,,12.141804365974236
2006,11.153665703712722,12.485484679318633,12.71864973284462,11.03555723297749,13.763094515458672,7.421201075560476,12.69274891135142,13.180829986003097,10.86156715115571,11.769895381699968,12.85123987874044,12.395163827101928,9.179209927792403,15.057142630690604,11.930468097304164,9.010237963904153,6.144219036384055,13.937223840717444,17.531138141864275,9.015120124893166,8.186274567446993,12.253117239489558,12.7721847982932,,12.275291851254329
2007,11.190531241127667,12.698742369986729,12.84352096181207,10.962511125664893,14.131914340682009,7.562531461356917,12.814638822294818,13.272201951707352,10.909149948164309,12.156165622607356,12.787416384266148,12.515377070269665,9.397448657019295,14.702268851178406,11.952034240393647,9.080261497659066,6.185060259682742,14.08771495649657,17.416198316475857,9.23625917597744,8.268447265829192,12.313285670223506,12.803253419003543,,12.346212832748035
2008,11.220104416181673,12.672110924034218,12.739573679693793,10.854200141219719,14.145124678199512,7.583520347411101,12.793830634593306,13.10351534772776,10.856906397928205,12.037801887228902,12.5750357096152,12.414345313837284,9.220601842537247,13.969766667507999,11.742724163953799,9.017892324940622,6.000133688635638,14.034636811005143,16.89518113497918,9.012946995176987,8.252196024544777,12.01364505022444,12.771777629152957,,12.232034157942854
2009,11.13581172023463,12.358163451610142,12.547237932250253,10.67316494604294,13.709679297700676,7.3693218347428875,12.282199293056834,12.72698252602912,10.812035522123667,11.311747855274676,12.278915297699921,11.966667188402413,8.898724893066262,14.062488116942989,11.33411958080877,8.796209864321703,5.837796468326547,13.469617539958149,16.6537596178829,9.276353762658875,8.109074224610021,11.653322092609546,12.83674452160719,,11.887898908877752
2010,11.219313745137118,12.479551834214302,12.63839411867072,10.8005013921096,14.36449950307035,7.261825455770882,12.74520221924089,13.072073809671968,10.952702893736447,11.620378339822908,12.387582470478419,12.19537564657953,8.776511501452221,15.180006122020275,11.543846509995372,9.103288403646506,5.675386423437683,13.682736422487636,16.55301459951882,9.231308815075238,8.284428205992349,12.110702390586582,13.109696722534938,,12.14790398496741
2011,11.300446368740394,12.681372845694552,12.656957138726037,10.932361161213146,14.354696816879612,7.359651613918073,13.0076788530621,13.11695575162685,10.903681036103087,11.803923300682705,12.553145713426627,12.21587499775035,8.369903435038335,15.259993811487108,11.582409961626063,9.11098100680176,5.803004007911072,13.836953715939778,16.400605661081975,9.364848859213197,8.37282964034163,12.249093014426148,13.1809218688726,,12.26838427549797
2012,11.386769814725227,12.758462725566828,12.666435826146271,10.884089921962397,14.400377263091016,7.545609547164511,13.052479844149206,13.250659705820341,10.92767668606682,11.595286095093467,12.543175320772812,12.177925633592684,8.242977210372405,15.26438627907511,11.393389854688468,9.216478316482029,5.827828653308995,13.629844861180809,16.521164813564344,9.596113391679733,8.308333346904163,12.12602619142326,13.231817943188265,,12.241757493895395
2013,11.42063303843328,12.741670924188996,12.64917694553025,10.945425109024145,14.620098212415588,7.587049649853746,13.042493770501762,13.34115598981486,10.988535524929413,11.559119433103087,12.64924361109433,12.234590849994458,8.284132814284789,15.013494559690969,11.369269593118988,9.382043944046746,5.778465628235311,13.609160905041605,16.55218351965848,9.510160852446765,8.352552980293261,12.180594371843515,13.327674381711578,,12.27096382843816
2014,11.493444120223245,12.80471634701015,12.785701253676118,11.13296087132634,14.772700141876618,7.547502829343866,13.182683503215532,13.4915069992706,11.022266229722444,11.511451617847532,12.561699080880533,12.260080520898564,8.456007848738171,15.827490553751455,11.347100906147388,9.373262115908897,5.88191574541698,13.746811949852054,16.59496697129917,9.535792380831909,8.309751421415475,12.315371703823962,13.432344196573508,,12.328948526706032
2015,11.665157901077036,12.888761050584973,13.000454122252144,11.032034292945985,14.637123582375176,7.511492675066517,13.250763045583719,13.64277027758391,11.165844153237684,11.582684236972927,12.622661241450398,12.426822523954524,8.304988181270108,19.077978599566002,11.363407621854659,9.475051814645099,5.915861879564608,13.887867973910296,16.687884905636093,9.735289965060874,8.375418318461513,12.677348137217221,13.602302655153949,,12.447309872008278
2016,11.662651780442072,12.867727758892501,13.053378129926593,11.02808519257299,14.654896120155309,7.502487344380079,13.295075525244645,13.807486840878358,11.227849286215301,11.822274397440772,12.6414704324298,12.390518988229681,8.228152806882198,18.997944797298338,11.38418757963813,9.457747341929384,5.94542062651151,13.900062060199367,16.740247020439373,9.71713400940588,8.453169081421832,12.656221148179533,13.619710916098608,,12.481707512642261
2017,11.780112454336459,13.082886200118502,13.095775413766939,11.211597758226295,14.89956920337801,7.437744235202568,13.520662796556955,13.961434181410807,11.365717946475963,12.097057567918657,12.899442706228559,12.470454331099162,8.21878173008082,19.438097755489103,11.483899629983258,9.595591880340919,5.959826695392411,14.049068399040486,17.086017628755567,9.762072859455555,8.585562332761729,12.764674980022967,13.742180691172885,,12.668883436433848
2018,11.776471305141946,13.167738312061356,12.945467296198693,11.198523759838013,15.188847622097063,7.603170168113343,13.589051627672957,14.225996519639335,11.349857487439355,12.0060965253257,13.05328348333583,12.488316516891183,8.289823445587201,20.071705510052862,11.481497105960356,9.584543499526434,5.9338818953197014,14.118232288292955,16.969989084408628,9.789260676339104,8.675669663645214,12.795347142710307,13.894397027382855,,12.730761230126278
2019,12.414875584756427,14.55892218426314,14.238767425535897,11.320803670255783,15.204880804546862,7.5927625884618815,13.522869361740906,14.325302945256599,11.385338114728238,12.02284271674897,13.086705644102214,12.49485614259003,8.373436851764607,20.631351161590516,11.470886801098244,9.71132452786082,5.813291861201133,14.054849013110978,16.896412355682042,9.713772596340037,8.796113687050527,12.887809555936933,14.020065691114626,,12.809378850087302
